phenotype_id,fact_concept
1,DEM|DATE_OF_BIRTH
2,DEM|DATE_OF_BIRTH
3,ECHO:BMI
3,VITAL:HT
3,VITAL:ORIGINAL_BMI
3,VITAL:WT
4,VITAL:BP_SYSTOLIC
5,LAB|A1CP:HBA1C
5,LAB|BMEP:HBA1C
5,LAB|CBC:HBA1C
5,LAB|CBCD:HBA1C
5,LAB|CBCD:HGBA1C
5,LAB|CCUAP:HBA1C
5,LAB|CMEP:HBA1C
5,LAB|CMEP:HGBA1C
5,LAB|ESR:HBA1C
5,LAB|ESR:HGBA1C
5,LAB|HBA1C
5,LAB|HBA1C:HBA1C
5,LAB|HBA1C:HGBA1C
5,LAB|HGBA1C
5,LAB|LPP:HGBA1C
5,LAB|PA1C
5,LAB|PA1C:PA1C
6,LAB|CBC:LDL
6,LAB|CCUAP:LDL
6,LAB|CHL:LDL
6,LAB|CMEP:LDL
6,LAB|CMEP:LDLCALC
6,LAB|CMEP:LDLDIRECT
6,LAB|DLDL
6,LAB|DLDL:DLDL
6,LAB|LDL
6,LAB|LDLC:CHOL
6,LAB|LDLC:LDL
6,LAB|LDLC:LDLC
6,LAB|LDLC:TRIG
6,LAB|LDLCALC
6,LAB|LDLCHOCALC
6,LAB|LDLD
6,LAB|LIPOF:LDL3S
6,LAB|LIPOF:LDL4S
6,LAB|LIPOF:LDLC
6,LAB|LPP:DIRLDL
6,LAB|LPP:LDL
6,LAB|LPP:LDLC
6,LAB|LPP:LDLCALC
6,LAB|LPP:LDLD
6,LAB|LPP:LDLDIRECT
6,LAB|LPPC:LDL
6,LAB|LPPC:LDLC
6,LAB|LPR:LCHOL
6,LAB|LPR:LDLC
6,LAB|NONHDLCHOL
6,LAB|POCLDL
6,LAB|SLDLD:DIRLDL
6,LAB|SLDLD:LDLD
6,LAB|TRIGL:LDL
7,ICD10:F01.50
7,ICD10:F01.51
7,ICD10:F02.80
7,ICD10:F02.81
7,ICD10:F03.90
7,ICD10:F03.91
7,ICD10:G31.83
7,ICD9:290.0
7,ICD9:290.10
7,ICD9:290.11
7,ICD9:290.12
7,ICD9:290.13
7,ICD9:290.20
7,ICD9:290.21
7,ICD9:290.3
7,ICD9:290.40
7,ICD9:290.41
7,ICD9:290.42
7,ICD9:290.43
7,ICD9:290.8
7,ICD9:290.9
7,ICD9:294.1
7,ICD9:294.10
7,ICD9:294.11
7,ICD9:294.20
7,ICD9:294.21
7,ICD9:331.82
8,ICD10:G31.84
8,ICD9:331.83
9,ICD10:G20
9,ICD9:332.0
10,ICD10:G10
10,ICD9:333.4
11,ICD10:G91.2
11,ICD9:331.5
12,ICD10:C71.0
12,ICD10:C71.1
12,ICD10:C71.2
12,ICD10:C71.3
12,ICD10:C71.5
12,ICD10:C71.6
12,ICD10:C71.7
12,ICD10:C71.9
12,ICD10:D49.6
12,ICD9:191.0
12,ICD9:191.1
12,ICD9:191.2
12,ICD9:191.3
12,ICD9:191.4
12,ICD9:191.5
12,ICD9:191.6
12,ICD9:191.7
12,ICD9:191.8
12,ICD9:191.9
12,ICD9:239.6
13,ICD10:G23.1
13,ICD9:333.0
14,ICD10:R56.9
14,ICD9:780.39
15,ICD10:I62.00
15,ICD10:I62.01
15,ICD10:I62.02
15,ICD10:I62.03
15,ICD9:432.1
16,ICD10:G35
16,ICD9:340
17,ICD10:S02.0XXA
17,ICD10:S02.0XXB
17,ICD10:S02.0XXD
17,ICD10:S02.0XXK
17,ICD10:S02.0XXS
17,ICD10:S02.101A
17,ICD10:S02.102A
17,ICD10:S02.109A
17,ICD10:S02.109B
17,ICD10:S02.109D
17,ICD10:S02.109S
17,ICD10:S02.10XA
17,ICD10:S02.10XD
17,ICD10:S02.110S
17,ICD10:S02.113A
17,ICD10:S02.113D
17,ICD10:S02.118D
17,ICD10:S02.119A
17,ICD10:S02.119D
17,ICD10:S02.119K
17,ICD10:S02.119S
17,ICD10:S02.11AA
17,ICD10:S02.11AD
17,ICD10:S02.11BA
17,ICD10:S02.11HA
17,ICD10:S02.19XA
17,ICD10:S02.19XB
17,ICD10:S02.19XD
17,ICD10:S02.19XG
17,ICD10:S02.19XS
17,ICD10:S02.30XB
17,ICD10:S02.31XB
17,ICD10:S02.31XG
17,ICD10:S02.32XB
17,ICD10:S02.32XS
17,ICD10:S02.3XXK
17,ICD10:S02.402S
17,ICD10:S02.40BA
17,ICD10:S02.40BD
17,ICD10:S02.40CK
17,ICD10:S02.40CS
17,ICD10:S02.411A
17,ICD10:S02.411B
17,ICD10:S02.411D
17,ICD10:S02.412A
17,ICD10:S02.412D
17,ICD10:S02.412S
17,ICD10:S02.413A
17,ICD10:S02.413B
17,ICD10:S02.413D
17,ICD10:S02.5XXG
17,ICD10:S02.5XXS
17,ICD10:S02.600S
17,ICD10:S02.601S
17,ICD10:S02.610A
17,ICD10:S02.610B
17,ICD10:S02.610D
17,ICD10:S02.612G
17,ICD10:S02.61XD
17,ICD10:S02.620A
17,ICD10:S02.620D
17,ICD10:S02.620K
17,ICD10:S02.621D
17,ICD10:S02.630A
17,ICD10:S02.63XD
17,ICD10:S02.640A
17,ICD10:S02.64XS
17,ICD10:S02.650A
17,ICD10:S02.66XD
17,ICD10:S02.670B
17,ICD10:S02.80XG
17,ICD10:S02.81XS
17,ICD10:S02.82XB
17,ICD10:S02.82XS
17,ICD10:S02.91XG
17,ICD10:S02.91XK
17,ICD10:S02.92XG
17,ICD10:S06.0X2D
17,ICD10:S06.0X4S
17,ICD10:S06.0X9A
17,ICD10:S06.0X9D
17,ICD10:S06.0X9S
17,ICD10:S06.1X9A
17,ICD10:S06.2X0A
17,ICD10:S06.2X0D
17,ICD10:S06.2X0S
17,ICD10:S06.2X1D
17,ICD10:S06.2X2A
17,ICD10:S06.2X5A
17,ICD10:S06.2X5S
17,ICD10:S06.2X9A
17,ICD10:S06.2X9D
17,ICD10:S06.2X9S
17,ICD10:S06.300A
17,ICD10:S06.300D
17,ICD10:S06.300S
17,ICD10:S06.301A
17,ICD10:S06.303A
17,ICD10:S06.307S
17,ICD10:S06.309A
17,ICD10:S06.309D
17,ICD10:S06.309S
17,ICD10:S06.310A
17,ICD10:S06.310D
17,ICD10:S06.310S
17,ICD10:S06.311D
17,ICD10:S06.320A
17,ICD10:S06.320D
17,ICD10:S06.320S
17,ICD10:S06.321A
17,ICD10:S06.322A
17,ICD10:S06.329A
17,ICD10:S06.329D
17,ICD10:S06.330A
17,ICD10:S06.330D
17,ICD10:S06.330S
17,ICD10:S06.331A
17,ICD10:S06.331D
17,ICD10:S06.336A
17,ICD10:S06.339A
17,ICD10:S06.339S
17,ICD10:S06.340A
17,ICD10:S06.340D
17,ICD10:S06.340S
17,ICD10:S06.341A
17,ICD10:S06.341D
17,ICD10:S06.344A
17,ICD10:S06.345S
17,ICD10:S06.346A
17,ICD10:S06.347A
17,ICD10:S06.349A
17,ICD10:S06.349D
17,ICD10:S06.349S
17,ICD10:S06.350A
17,ICD10:S06.350D
17,ICD10:S06.350S
17,ICD10:S06.351A
17,ICD10:S06.351D
17,ICD10:S06.351S
17,ICD10:S06.352A
17,ICD10:S06.355A
17,ICD10:S06.359A
17,ICD10:S06.359D
17,ICD10:S06.360A
17,ICD10:S06.360D
17,ICD10:S06.360S
17,ICD10:S06.361A
17,ICD10:S06.361D
17,ICD10:S06.362A
17,ICD10:S06.362D
17,ICD10:S06.363A
17,ICD10:S06.366A
17,ICD10:S06.366D
17,ICD10:S06.369A
17,ICD10:S06.369D
17,ICD10:S06.369S
17,ICD10:S06.379A
17,ICD10:S06.4X0A
17,ICD10:S06.4X0D
17,ICD10:S06.4X1A
17,ICD10:S06.4X4A
17,ICD10:S06.4X4S
17,ICD10:S06.4X5A
17,ICD10:S06.4X6A
17,ICD10:S06.4X9A
17,ICD10:S06.4X9D
17,ICD10:S06.5X0A
17,ICD10:S06.5X0D
17,ICD10:S06.5X0S
17,ICD10:S06.5X1A
17,ICD10:S06.5X1D
17,ICD10:S06.5X1S
17,ICD10:S06.5X2S
17,ICD10:S06.5X4A
17,ICD10:S06.5X4D
17,ICD10:S06.5X5A
17,ICD10:S06.5X5D
17,ICD10:S06.5X6A
17,ICD10:S06.5X6S
17,ICD10:S06.5X9A
17,ICD10:S06.5X9D
17,ICD10:S06.5X9S
17,ICD10:S06.6X0A
17,ICD10:S06.6X0D
17,ICD10:S06.6X0S
17,ICD10:S06.6X1A
17,ICD10:S06.6X1D
17,ICD10:S06.6X1S
17,ICD10:S06.6X4A
17,ICD10:S06.6X4D
17,ICD10:S06.6X4S
17,ICD10:S06.6X5A
17,ICD10:S06.6X6A
17,ICD10:S06.6X6S
17,ICD10:S06.6X9A
17,ICD10:S06.6X9D
17,ICD10:S06.6X9S
17,ICD10:S06.890A
17,ICD10:S06.890D
17,ICD10:S06.890S
17,ICD10:S06.891A
17,ICD10:S06.891D
17,ICD10:S06.899A
17,ICD10:S06.899D
17,ICD10:S06.9X0A
17,ICD10:S06.9X0D
17,ICD10:S06.9X0S
17,ICD10:S06.9X1A
17,ICD10:S06.9X1D
17,ICD10:S06.9X1S
17,ICD10:S06.9X2A
17,ICD10:S06.9X2D
17,ICD10:S06.9X2S
17,ICD10:S06.9X3A
17,ICD10:S06.9X3D
17,ICD10:S06.9X4A
17,ICD10:S06.9X4D
17,ICD10:S06.9X4S
17,ICD10:S06.9X5A
17,ICD10:S06.9X5D
17,ICD10:S06.9X5S
17,ICD10:S06.9X6A
17,ICD10:S06.9X6D
17,ICD10:S06.9X6S
17,ICD10:S06.9X8A
17,ICD10:S06.9X9A
17,ICD10:S06.9X9D
17,ICD10:S06.9X9S
17,ICD9:804.23
17,ICD9:804.36
17,ICD9:804.40
17,ICD9:851.00
17,ICD9:851.01
17,ICD9:851.02
17,ICD9:851.03
17,ICD9:851.04
17,ICD9:851.05
17,ICD9:851.06
17,ICD9:851.11
17,ICD9:851.14
17,ICD9:851.15
17,ICD9:851.16
17,ICD9:851.20
17,ICD9:851.40
17,ICD9:851.41
17,ICD9:851.42
17,ICD9:851.43
17,ICD9:851.45
17,ICD9:851.46
17,ICD9:851.56
17,ICD9:851.80
17,ICD9:851.81
17,ICD9:851.82
17,ICD9:851.84
17,ICD9:851.85
17,ICD9:851.86
17,ICD9:851.89
17,ICD9:851.90
17,ICD9:851.91
17,ICD9:851.92
17,ICD9:851.95
17,ICD9:852.00
17,ICD9:852.01
17,ICD9:852.02
17,ICD9:852.03
17,ICD9:852.04
17,ICD9:852.05
17,ICD9:852.06
17,ICD9:852.09
17,ICD9:852.10
17,ICD9:852.11
17,ICD9:852.12
17,ICD9:852.16
17,ICD9:852.2
17,ICD9:852.20
17,ICD9:852.21
17,ICD9:852.22
17,ICD9:852.23
17,ICD9:852.24
17,ICD9:852.25
17,ICD9:852.26
17,ICD9:852.29
17,ICD9:852.30
17,ICD9:852.31
17,ICD9:852.32
17,ICD9:852.40
17,ICD9:852.41
17,ICD9:852.42
17,ICD9:852.43
17,ICD9:852.46
17,ICD9:852.49
17,ICD9:852.56
17,ICD9:853.00
17,ICD9:853.01
17,ICD9:853.02
17,ICD9:853.03
17,ICD9:853.04
17,ICD9:853.05
17,ICD9:853.06
17,ICD9:853.09
17,ICD9:853.10
17,ICD9:853.11
17,ICD9:853.12
17,ICD9:853.13
17,ICD9:853.16
17,ICD9:854.00
17,ICD9:854.01
17,ICD9:854.02
17,ICD9:854.03
17,ICD9:854.04
17,ICD9:854.05
17,ICD9:854.06
17,ICD9:854.09
17,ICD9:854.10
17,ICD9:854.11
17,ICD9:854.16
17,ICD9:925.1
17,ICD9:925.2
18,ICD10:R94.02
18,ICD9:794.09
19,RXNORM:103169
19,RXNORM:1100187
19,RXNORM:1190750
19,RXNORM:1191128
19,RXNORM:1191130
19,RXNORM:1191132
19,RXNORM:1308571
19,RXNORM:1359577
19,RXNORM:1360107
19,RXNORM:1360122
19,RXNORM:1429282
19,RXNORM:1429284
19,RXNORM:1602588
19,RXNORM:1602589
19,RXNORM:1602594
19,RXNORM:1602595
19,RXNORM:202321
19,RXNORM:207140
19,RXNORM:207142
19,RXNORM:207144
19,RXNORM:207175
19,RXNORM:211009
19,RXNORM:226665
19,RXNORM:226666
19,RXNORM:226667
19,RXNORM:226668
19,RXNORM:285017
19,RXNORM:602734
19,RXNORM:602736
19,RXNORM:602737
19,RXNORM:686922
19,RXNORM:725105
19,RXNORM:751302
19,RXNORM:860697
19,RXNORM:860699
19,RXNORM:860709
19,RXNORM:860711
19,RXNORM:860717
19,RXNORM:860719
19,RXNORM:860903
19,RXNORM:903845
19,RXNORM:903849
19,RXNORM:903853
19,RXNORM:903855
19,RXNORM:903859
19,RXNORM:990984
19,RXNORM:990988
19,RXNORM:997218
19,RXNORM:997222
19,RXNORM:997224
19,RXNORM:997228
19,RXNORM:997230
19,RXNORM:998584
19,RXNORM:998586
21,RXNORM:1040058
21,RXNORM:1242088
21,RXNORM:1242114
21,RXNORM:1246375
21,RXNORM:1308005
21,RXNORM:1308006
21,RXNORM:1602588
21,RXNORM:1602589
21,RXNORM:1602594
21,RXNORM:1602595
21,RXNORM:284538
21,RXNORM:540095
21,RXNORM:996563
21,RXNORM:996574
21,RXNORM:996597
21,RXNORM:996599
21,RXNORM:996605
21,RXNORM:996607
21,RXNORM:996611
21,RXNORM:996613
21,RXNORM:996617
21,RXNORM:996619
21,RXNORM:996742
21,RXNORM:996750
21,RXNORM:996754
25,ICD10:F32.8
25,ICD10:F32.81
25,ICD10:F32.89
25,ICD10:F33.2
25,ICD10:F33.3
25,ICD10:F33.40
25,ICD10:F33.8
25,ICD10:F33.9
26,ICD10:F31.0
26,ICD10:F31.10
26,ICD10:F31.11
26,ICD10:F31.12
26,ICD10:F31.13
26,ICD10:F31.2
26,ICD10:F31.30
26,ICD10:F31.31
26,ICD10:F31.32
26,ICD10:F31.4
26,ICD10:F31.5
26,ICD10:F31.60
26,ICD10:F31.61
26,ICD10:F31.62
26,ICD10:F31.63
26,ICD10:F31.64
26,ICD10:F31.70
26,ICD10:F31.71
26,ICD10:F31.72
26,ICD10:F31.73
26,ICD10:F31.74
26,ICD10:F31.75
26,ICD10:F31.76
26,ICD10:F31.77
26,ICD10:F31.78
26,ICD10:F31.81
26,ICD10:F31.89
26,ICD10:F31.9
26,ICD9:296.00
26,ICD9:296.01
26,ICD9:296.02
26,ICD9:296.03
26,ICD9:296.04
26,ICD9:296.05
26,ICD9:296.06
26,ICD9:296.40
26,ICD9:296.41
26,ICD9:296.42
26,ICD9:296.43
26,ICD9:296.44
26,ICD9:296.45
26,ICD9:296.46
26,ICD9:296.50
26,ICD9:296.51
26,ICD9:296.52
26,ICD9:296.53
26,ICD9:296.54
26,ICD9:296.55
26,ICD9:296.56
26,ICD9:296.60
26,ICD9:296.61
26,ICD9:296.62
26,ICD9:296.63
26,ICD9:296.64
26,ICD9:296.65
26,ICD9:296.66
26,ICD9:296.7
26,ICD9:296.80
26,ICD9:296.89
27,ICD10:F20.0
27,ICD10:F20.1
27,ICD10:F20.2
27,ICD10:F20.3
27,ICD10:F20.5
27,ICD10:F20.81
27,ICD10:F20.89
27,ICD10:F20.9
27,ICD10:F25.0
27,ICD10:F25.1
27,ICD10:F25.8
27,ICD10:F25.9
27,ICD9:295.00
27,ICD9:295.01
27,ICD9:295.02
27,ICD9:295.10
27,ICD9:295.12
27,ICD9:295.14
27,ICD9:295.20
27,ICD9:295.24
27,ICD9:295.30
27,ICD9:295.31
27,ICD9:295.32
27,ICD9:295.34
27,ICD9:295.35
27,ICD9:295.40
27,ICD9:295.41
27,ICD9:295.42
27,ICD9:295.43
27,ICD9:295.44
27,ICD9:295.50
27,ICD9:295.51
27,ICD9:295.52
27,ICD9:295.60
27,ICD9:295.61
27,ICD9:295.62
27,ICD9:295.64
28,ICD10:F10.10
28,ICD10:F10.11
28,ICD10:F10.120
28,ICD10:F10.121
28,ICD10:F10.129
28,ICD10:F10.14
28,ICD10:F10.151
28,ICD10:F10.159
28,ICD10:F10.180
28,ICD10:F10.182
28,ICD10:F10.188
28,ICD10:F10.19
28,ICD10:F10.20
28,ICD10:F10.21
28,ICD10:F10.220
28,ICD10:F10.221
28,ICD10:F10.229
28,ICD10:F10.230
28,ICD10:F10.231
28,ICD10:F10.232
28,ICD10:F10.239
28,ICD10:F10.24
28,ICD10:F10.251
28,ICD10:F10.259
28,ICD10:F10.26
28,ICD10:F10.27
28,ICD10:F10.280
28,ICD10:F10.281
28,ICD10:F10.288
28,ICD10:F10.29
28,ICD10:F10.920
28,ICD10:F10.921
28,ICD10:F10.929
28,ICD10:F10.94
28,ICD10:F10.950
28,ICD10:F10.951
28,ICD10:F10.959
28,ICD10:F10.96
28,ICD10:F10.97
28,ICD10:F10.982
28,ICD10:F10.988
28,ICD10:F10.99
28,ICD9:303.00
28,ICD9:303.01
28,ICD9:303.02
28,ICD9:303.03
28,ICD9:303.90
28,ICD9:303.91
28,ICD9:303.92
28,ICD9:303.93
29,ICD10:F10.10
29,ICD10:F10.11
29,ICD10:F10.120
29,ICD10:F10.121
29,ICD10:F10.129
29,ICD10:F10.14
29,ICD10:F10.151
29,ICD10:F10.159
29,ICD10:F10.180
29,ICD10:F10.182
29,ICD10:F10.188
29,ICD10:F10.19
29,ICD10:F10.20
29,ICD10:F10.21
29,ICD10:F10.220
29,ICD10:F10.221
29,ICD10:F10.229
29,ICD10:F10.230
29,ICD10:F10.231
29,ICD10:F10.232
29,ICD10:F10.239
29,ICD10:F10.24
29,ICD10:F10.251
29,ICD10:F10.259
29,ICD10:F10.26
29,ICD10:F10.27
29,ICD10:F10.280
29,ICD10:F10.281
29,ICD10:F10.288
29,ICD10:F10.29
29,ICD10:F10.920
29,ICD10:F10.921
29,ICD10:F10.929
29,ICD10:F10.94
29,ICD10:F10.950
29,ICD10:F10.951
29,ICD10:F10.959
29,ICD10:F10.96
29,ICD10:F10.97
29,ICD10:F10.982
29,ICD10:F10.988
29,ICD10:F10.99
29,ICD10:F11.10
29,ICD10:F11.11
29,ICD10:F11.129
29,ICD10:F11.14
29,ICD10:F11.151
29,ICD10:F11.188
29,ICD10:F11.20
29,ICD10:F11.21
29,ICD10:F11.220
29,ICD10:F11.222
29,ICD10:F11.229
29,ICD10:F11.23
29,ICD10:F11.24
29,ICD10:F11.259
29,ICD10:F11.282
29,ICD10:F11.29
29,ICD10:F11.90
29,ICD10:F11.920
29,ICD10:F11.921
29,ICD10:F11.929
29,ICD10:F11.94
29,ICD10:F11.982
29,ICD10:F11.988
29,ICD10:F11.99
29,ICD10:F12.10
29,ICD10:F12.11
29,ICD10:F12.20
29,ICD10:F12.21
29,ICD10:F12.90
29,ICD10:F12.920
29,ICD10:F12.929
29,ICD10:F12.950
29,ICD10:F12.988
29,ICD10:F12.99
29,ICD10:F13.10
29,ICD10:F13.11
29,ICD10:F13.20
29,ICD10:F13.21
29,ICD10:F13.230
29,ICD10:F13.231
29,ICD10:F13.232
29,ICD10:F13.239
29,ICD10:F13.921
29,ICD10:F13.929
29,ICD10:F14.10
29,ICD10:F14.11
29,ICD10:F14.180
29,ICD10:F14.188
29,ICD10:F14.19
29,ICD10:F14.20
29,ICD10:F14.21
29,ICD10:F14.220
29,ICD10:F14.24
29,ICD10:F14.90
29,ICD10:F14.920
29,ICD10:F14.921
29,ICD10:F14.922
29,ICD10:F14.929
29,ICD10:F14.94
29,ICD10:F15.10
29,ICD10:F15.20
29,ICD10:F15.23
29,ICD10:F15.90
29,ICD10:F15.921
29,ICD10:F15.93
29,ICD10:F15.99
29,ICD10:F16.10
29,ICD10:F16.20
29,ICD10:F16.283
29,ICD10:F17.299
29,ICD10:F18.10
29,ICD10:F19.10
29,ICD10:F19.11
29,ICD10:F19.180
29,ICD10:F19.20
29,ICD10:F19.21
29,ICD10:F19.230
29,ICD10:F19.231
29,ICD10:F19.239
29,ICD10:F19.90
29,ICD10:F19.920
29,ICD10:F19.921
29,ICD10:F19.929
29,ICD10:F19.930
29,ICD10:F19.931
29,ICD10:F19.939
29,ICD10:F19.94
29,ICD10:F19.950
29,ICD10:F19.951
29,ICD10:F19.959
29,ICD10:F19.96
29,ICD10:F19.980
29,ICD10:F19.982
29,ICD10:F19.988
29,ICD10:F19.99
29,ICD9:304.00
29,ICD9:304.01
29,ICD9:304.02
29,ICD9:304.03
29,ICD9:304.10
29,ICD9:304.11
29,ICD9:304.12
29,ICD9:304.13
29,ICD9:304.20
29,ICD9:304.21
29,ICD9:304.22
29,ICD9:304.23
29,ICD9:304.30
29,ICD9:304.31
29,ICD9:304.32
29,ICD9:304.33
29,ICD9:304.40
29,ICD9:304.41
29,ICD9:304.42
29,ICD9:304.50
29,ICD9:304.60
29,ICD9:304.61
29,ICD9:304.63
29,ICD9:304.70
29,ICD9:304.71
29,ICD9:304.72
29,ICD9:304.73
29,ICD9:304.80
29,ICD9:304.81
29,ICD9:304.83
29,ICD9:304.90
29,ICD9:304.91
29,ICD9:304.92
29,ICD9:304.93
29,ICD9:305.0
29,ICD9:305.00
29,ICD9:305.01
29,ICD9:305.02
29,ICD9:305.03
29,ICD9:305.1
29,ICD9:305.10
29,ICD9:305.11
29,ICD9:305.13
29,ICD9:305.20
29,ICD9:305.21
29,ICD9:305.22
29,ICD9:305.23
29,ICD9:305.30
29,ICD9:305.40
29,ICD9:305.41
29,ICD9:305.42
29,ICD9:305.43
29,ICD9:305.50
29,ICD9:305.51
29,ICD9:305.52
29,ICD9:305.53
29,ICD9:305.60
29,ICD9:305.61
29,ICD9:305.62
29,ICD9:305.63
29,ICD9:305.70
29,ICD9:305.71
29,ICD9:305.72
29,ICD9:305.73
29,ICD9:305.80
29,ICD9:305.81
29,ICD9:305.83
29,ICD9:305.90
29,ICD9:305.91
29,ICD9:305.92
29,ICD9:305.93
30,RXNORM:1000050
30,RXNORM:1000052
30,RXNORM:1000056
30,RXNORM:1000060
30,RXNORM:1000062
30,RXNORM:1000066
30,RXNORM:1000068
30,RXNORM:1000072
30,RXNORM:1000074
30,RXNORM:1000078
30,RXNORM:1000081
30,RXNORM:1000093
30,RXNORM:1000099
30,RXNORM:1000101
30,RXNORM:102550
30,RXNORM:102551
30,RXNORM:104690
30,RXNORM:104691
30,RXNORM:104692
30,RXNORM:104719
30,RXNORM:104720
30,RXNORM:104822
30,RXNORM:104823
30,RXNORM:104824
30,RXNORM:104825
30,RXNORM:104826
30,RXNORM:104827
30,RXNORM:104829
30,RXNORM:104830
30,RXNORM:104836
30,RXNORM:104838
30,RXNORM:104849
30,RXNORM:104850
30,RXNORM:106834
30,RXNORM:108886
30,RXNORM:1091135
30,RXNORM:1091139
30,RXNORM:1091141
30,RXNORM:1091143
30,RXNORM:1091144
30,RXNORM:1091147
30,RXNORM:1091149
30,RXNORM:1091151
30,RXNORM:1091153
30,RXNORM:1091157
30,RXNORM:1091159
30,RXNORM:1091163
30,RXNORM:1091165
30,RXNORM:1091167
30,RXNORM:1091168
30,RXNORM:1091172
30,RXNORM:1091174
30,RXNORM:1091178
30,RXNORM:1091180
30,RXNORM:1091182
30,RXNORM:1091183
30,RXNORM:1091187
30,RXNORM:1091189
30,RXNORM:1091193
30,RXNORM:1091195
30,RXNORM:1091197
30,RXNORM:1091198
30,RXNORM:1091204
30,RXNORM:1091206
30,RXNORM:1091212
30,RXNORM:1091214
30,RXNORM:1091220
30,RXNORM:1091222
30,RXNORM:1091226
30,RXNORM:1091229
30,RXNORM:1091324
30,RXNORM:1091343
30,RXNORM:1091377
30,RXNORM:1091378
30,RXNORM:1091379
30,RXNORM:1091391
30,RXNORM:1091394
30,RXNORM:1091395
30,RXNORM:1091487
30,RXNORM:1091488
30,RXNORM:1091495
30,RXNORM:1091496
30,RXNORM:1091498
30,RXNORM:1091500
30,RXNORM:1098651
30,RXNORM:1098668
30,RXNORM:1098672
30,RXNORM:1098676
30,RXNORM:1098680
30,RXNORM:1099290
30,RXNORM:1099294
30,RXNORM:1099298
30,RXNORM:1099302
30,RXNORM:1099306
30,RXNORM:1099318
30,RXNORM:1099398
30,RXNORM:1100363
30,RXNORM:1100366
30,RXNORM:1100384
30,RXNORM:1114481
30,RXNORM:1114483
30,RXNORM:1114487
30,RXNORM:1114489
30,RXNORM:1298859
30,RXNORM:1298863
30,RXNORM:1298872
30,RXNORM:1312589
30,RXNORM:1312591
30,RXNORM:1359580
30,RXNORM:1359643
30,RXNORM:1359812
30,RXNORM:1360113
30,RXNORM:1360114
30,RXNORM:1360320
30,RXNORM:1360441
30,RXNORM:141927
30,RXNORM:141928
30,RXNORM:141945
30,RXNORM:141946
30,RXNORM:141947
30,RXNORM:141956
30,RXNORM:1430128
30,RXNORM:151256
30,RXNORM:151257
30,RXNORM:151261
30,RXNORM:151281
30,RXNORM:151282
30,RXNORM:152723
30,RXNORM:152724
30,RXNORM:153503
30,RXNORM:1551474
30,RXNORM:1600909
30,RXNORM:1600910
30,RXNORM:1648180
30,RXNORM:1648181
30,RXNORM:1648185
30,RXNORM:1648187
30,RXNORM:1648189
30,RXNORM:1648190
30,RXNORM:1648192
30,RXNORM:1648193
30,RXNORM:1648195
30,RXNORM:1648196
30,RXNORM:1648198
30,RXNORM:1648199
30,RXNORM:1648201
30,RXNORM:1648202
30,RXNORM:200943
30,RXNORM:200944
30,RXNORM:201605
30,RXNORM:201606
30,RXNORM:201607
30,RXNORM:201608
30,RXNORM:201697
30,RXNORM:201698
30,RXNORM:201699
30,RXNORM:201700
30,RXNORM:201708
30,RXNORM:205535
30,RXNORM:205696
30,RXNORM:205703
30,RXNORM:205706
30,RXNORM:205709
30,RXNORM:206779
30,RXNORM:206780
30,RXNORM:206781
30,RXNORM:206786
30,RXNORM:206787
30,RXNORM:206819
30,RXNORM:206820
30,RXNORM:206821
30,RXNORM:206828
30,RXNORM:207349
30,RXNORM:207350
30,RXNORM:208149
30,RXNORM:208161
30,RXNORM:208463
30,RXNORM:208464
30,RXNORM:208465
30,RXNORM:208645
30,RXNORM:208646
30,RXNORM:208848
30,RXNORM:208849
30,RXNORM:208850
30,RXNORM:208851
30,RXNORM:208853
30,RXNORM:209329
30,RXNORM:209339
30,RXNORM:209350
30,RXNORM:209391
30,RXNORM:209464
30,RXNORM:211322
30,RXNORM:211323
30,RXNORM:211699
30,RXNORM:211700
30,RXNORM:212233
30,RXNORM:213291
30,RXNORM:213344
30,RXNORM:213345
30,RXNORM:214003
30,RXNORM:214004
30,RXNORM:226376
30,RXNORM:261135
30,RXNORM:261282
30,RXNORM:261287
30,RXNORM:261342
30,RXNORM:284591
30,RXNORM:352004
30,RXNORM:539384
30,RXNORM:540848
30,RXNORM:541356
30,RXNORM:541520
30,RXNORM:541660
30,RXNORM:541662
30,RXNORM:541664
30,RXNORM:541666
30,RXNORM:542355
30,RXNORM:577634
30,RXNORM:577643
30,RXNORM:577648
30,RXNORM:577651
30,RXNORM:582230
30,RXNORM:583239
30,RXNORM:598032
30,RXNORM:647325
30,RXNORM:647442
30,RXNORM:647555
30,RXNORM:647556
30,RXNORM:670003
30,RXNORM:687022
30,RXNORM:687023
30,RXNORM:687024
30,RXNORM:687025
30,RXNORM:725064
30,RXNORM:725068
30,RXNORM:725072
30,RXNORM:725076
30,RXNORM:725080
30,RXNORM:729929
30,RXNORM:729931
30,RXNORM:729932
30,RXNORM:752869
30,RXNORM:752870
30,RXNORM:752871
30,RXNORM:753437
30,RXNORM:753439
30,RXNORM:753442
30,RXNORM:753443
30,RXNORM:755276
30,RXNORM:755463
30,RXNORM:799026
30,RXNORM:799059
30,RXNORM:803295
30,RXNORM:828446
30,RXNORM:828448
30,RXNORM:828451
30,RXNORM:835566
30,RXNORM:835570
30,RXNORM:835574
30,RXNORM:835579
30,RXNORM:835584
30,RXNORM:835596
30,RXNORM:835598
30,RXNORM:835600
30,RXNORM:845013
30,RXNORM:845014
30,RXNORM:845015
30,RXNORM:845016
30,RXNORM:845051
30,RXNORM:845052
30,RXNORM:845053
30,RXNORM:856366
30,RXNORM:856371
30,RXNORM:856375
30,RXNORM:856379
30,RXNORM:856708
30,RXNORM:856710
30,RXNORM:856717
30,RXNORM:856722
30,RXNORM:856755
30,RXNORM:856760
30,RXNORM:856764
30,RXNORM:856766
30,RXNORM:856775
30,RXNORM:856777
30,RXNORM:856781
30,RXNORM:856785
30,RXNORM:856796
30,RXNORM:856799
30,RXNORM:856806
30,RXNORM:856810
30,RXNORM:856812
30,RXNORM:856829
30,RXNORM:856833
30,RXNORM:856836
30,RXNORM:856838
30,RXNORM:856844
30,RXNORM:856847
30,RXNORM:856849
30,RXNORM:856851
30,RXNORM:856855
30,RXNORM:856857
30,RXNORM:856861
30,RXNORM:857299
30,RXNORM:857303
30,RXNORM:857307
30,RXNORM:858627
30,RXNORM:859035
30,RXNORM:859042
30,RXNORM:859046
30,RXNORM:859050
30,RXNORM:859054
30,RXNORM:859188
30,RXNORM:859192
30,RXNORM:859195
30,RXNORM:859200
30,RXNORM:861066
30,RXNORM:865208
30,RXNORM:865212
30,RXNORM:865216
30,RXNORM:865217
30,RXNORM:866086
30,RXNORM:866088
30,RXNORM:866092
30,RXNORM:866096
30,RXNORM:866113
30,RXNORM:898701
30,RXNORM:898703
30,RXNORM:898706
30,RXNORM:898708
30,RXNORM:901537
30,RXNORM:901539
30,RXNORM:901543
30,RXNORM:901545
30,RXNORM:901547
30,RXNORM:901549
30,RXNORM:901551
30,RXNORM:901553
30,RXNORM:901557
30,RXNORM:901559
30,RXNORM:903875
30,RXNORM:903881
30,RXNORM:903885
30,RXNORM:903889
30,RXNORM:903893
30,RXNORM:905170
30,RXNORM:905174
30,RXNORM:966791
30,RXNORM:966795
30,RXNORM:993505
30,RXNORM:993507
30,RXNORM:993511
30,RXNORM:993512
30,RXNORM:993520
30,RXNORM:993522
30,RXNORM:993524
30,RXNORM:993525
30,RXNORM:993528
30,RXNORM:993529
30,RXNORM:993537
30,RXNORM:993542
30,RXNORM:993545
30,RXNORM:993552
30,RXNORM:993559
30,RXNORM:993564
30,RXNORM:993569
30,RXNORM:993683
30,RXNORM:993688
30,RXNORM:993693
30,RXNORM:993954
30,RXNORM:993955
31,RXNORM:1091330
31,RXNORM:1091501
31,RXNORM:1091503
31,RXNORM:1190110
31,RXNORM:1247288
31,RXNORM:1247290
31,RXNORM:1359475
31,RXNORM:1360104
31,RXNORM:1360277
31,RXNORM:199761
31,RXNORM:199762
31,RXNORM:199975
31,RXNORM:245373
31,RXNORM:245374
31,RXNORM:248306
31,RXNORM:248665
31,RXNORM:249291
31,RXNORM:249396
31,RXNORM:249586
31,RXNORM:249900
31,RXNORM:252271
31,RXNORM:252272
31,RXNORM:252440
31,RXNORM:284196
31,RXNORM:308049
31,RXNORM:311355
31,RXNORM:311376
31,RXNORM:313497
31,RXNORM:317703
31,RXNORM:317704
31,RXNORM:317775
31,RXNORM:349391
31,RXNORM:349392
31,RXNORM:389202
31,RXNORM:406413
31,RXNORM:406706
31,RXNORM:411111
31,RXNORM:412192
31,RXNORM:413148
31,RXNORM:413727
31,RXNORM:413885
31,RXNORM:422766
31,RXNORM:429484
31,RXNORM:429485
31,RXNORM:429486
31,RXNORM:429487
31,RXNORM:432937
31,RXNORM:432938
31,RXNORM:433731
31,RXNORM:476809
31,RXNORM:541357
31,RXNORM:583372
31,RXNORM:631740
31,RXNORM:645289
31,RXNORM:645290
31,RXNORM:645291
31,RXNORM:730440
31,RXNORM:730441
31,RXNORM:730442
31,RXNORM:755505
31,RXNORM:763027
31,RXNORM:763028
31,RXNORM:763029
31,RXNORM:808739
31,RXNORM:835580
31,RXNORM:835587
31,RXNORM:835594
31,RXNORM:849894
31,RXNORM:849896
31,RXNORM:849898
31,RXNORM:856862
31,RXNORM:856867
32,RXNORM:102317
32,RXNORM:102318
32,RXNORM:103911
32,RXNORM:1040036
32,RXNORM:1040043
32,RXNORM:104736
32,RXNORM:104737
32,RXNORM:104738
32,RXNORM:104739
32,RXNORM:104751
32,RXNORM:104752
32,RXNORM:104753
32,RXNORM:104754
32,RXNORM:104755
32,RXNORM:104761
32,RXNORM:104775
32,RXNORM:104776
32,RXNORM:104781
32,RXNORM:104782
32,RXNORM:104783
32,RXNORM:104784
32,RXNORM:104789
32,RXNORM:104790
32,RXNORM:108891
32,RXNORM:1235249
32,RXNORM:1297357
32,RXNORM:1298883
32,RXNORM:1298892
32,RXNORM:1298902
32,RXNORM:1298908
32,RXNORM:1298912
32,RXNORM:1298924
32,RXNORM:1359580
32,RXNORM:1360013
32,RXNORM:1360320
32,RXNORM:1360441
32,RXNORM:1360500
32,RXNORM:1371194
32,RXNORM:141841
32,RXNORM:141932
32,RXNORM:141933
32,RXNORM:141934
32,RXNORM:141953
32,RXNORM:141956
32,RXNORM:1431237
32,RXNORM:1486695
32,RXNORM:150815
32,RXNORM:151256
32,RXNORM:151257
32,RXNORM:151281
32,RXNORM:151282
32,RXNORM:152666
32,RXNORM:152667
32,RXNORM:152668
32,RXNORM:152669
32,RXNORM:152723
32,RXNORM:152724
32,RXNORM:153046
32,RXNORM:153047
32,RXNORM:153048
32,RXNORM:1606490
32,RXNORM:1650968
32,RXNORM:1650970
32,RXNORM:1650972
32,RXNORM:1650974
32,RXNORM:1650976
32,RXNORM:200959
32,RXNORM:200960
32,RXNORM:200961
32,RXNORM:200962
32,RXNORM:200963
32,RXNORM:200964
32,RXNORM:200965
32,RXNORM:200966
32,RXNORM:200967
32,RXNORM:200970
32,RXNORM:200971
32,RXNORM:201641
32,RXNORM:201735
32,RXNORM:205430
32,RXNORM:205474
32,RXNORM:205476
32,RXNORM:205478
32,RXNORM:205480
32,RXNORM:205482
32,RXNORM:205869
32,RXNORM:205882
32,RXNORM:205908
32,RXNORM:205958
32,RXNORM:206061
32,RXNORM:206157
32,RXNORM:206159
32,RXNORM:206160
32,RXNORM:206269
32,RXNORM:206270
32,RXNORM:206272
32,RXNORM:206274
32,RXNORM:206278
32,RXNORM:206279
32,RXNORM:206558
32,RXNORM:206563
32,RXNORM:206806
32,RXNORM:206807
32,RXNORM:206808
32,RXNORM:206809
32,RXNORM:206810
32,RXNORM:206811
32,RXNORM:207094
32,RXNORM:207385
32,RXNORM:207387
32,RXNORM:207486
32,RXNORM:207487
32,RXNORM:207488
32,RXNORM:207489
32,RXNORM:207490
32,RXNORM:207491
32,RXNORM:208084
32,RXNORM:208085
32,RXNORM:208086
32,RXNORM:208088
32,RXNORM:208089
32,RXNORM:208090
32,RXNORM:208091
32,RXNORM:208092
32,RXNORM:208093
32,RXNORM:208377
32,RXNORM:208378
32,RXNORM:208382
32,RXNORM:208383
32,RXNORM:208386
32,RXNORM:208387
32,RXNORM:208389
32,RXNORM:208391
32,RXNORM:208393
32,RXNORM:208394
32,RXNORM:208395
32,RXNORM:208492
32,RXNORM:208493
32,RXNORM:208494
32,RXNORM:208495
32,RXNORM:208496
32,RXNORM:208497
32,RXNORM:208498
32,RXNORM:208820
32,RXNORM:208822
32,RXNORM:208823
32,RXNORM:208824
32,RXNORM:208825
32,RXNORM:211353
32,RXNORM:211489
32,RXNORM:211817
32,RXNORM:212405
32,RXNORM:213504
32,RXNORM:213505
32,RXNORM:214094
32,RXNORM:214095
32,RXNORM:261337
32,RXNORM:262077
32,RXNORM:262222
32,RXNORM:284514
32,RXNORM:284548
32,RXNORM:284549
32,RXNORM:284550
32,RXNORM:285127
32,RXNORM:308971
32,RXNORM:308972
32,RXNORM:308974
32,RXNORM:308977
32,RXNORM:313931
32,RXNORM:352228
32,RXNORM:352307
32,RXNORM:352308
32,RXNORM:352309
32,RXNORM:352310
32,RXNORM:358929
32,RXNORM:360368
32,RXNORM:360376
32,RXNORM:404530
32,RXNORM:404531
32,RXNORM:404532
32,RXNORM:404533
32,RXNORM:404545
32,RXNORM:404602
32,RXNORM:404742
32,RXNORM:484770
32,RXNORM:541411
32,RXNORM:542690
32,RXNORM:542694
32,RXNORM:542740
32,RXNORM:542977
32,RXNORM:543013
32,RXNORM:544160
32,RXNORM:544162
32,RXNORM:544412
32,RXNORM:545353
32,RXNORM:615172
32,RXNORM:630890
32,RXNORM:630974
32,RXNORM:643021
32,RXNORM:643023
32,RXNORM:645038
32,RXNORM:672540
32,RXNORM:672908
32,RXNORM:672909
32,RXNORM:672910
32,RXNORM:686441
32,RXNORM:686443
32,RXNORM:686445
32,RXNORM:706825
32,RXNORM:706827
32,RXNORM:706829
32,RXNORM:706831
32,RXNORM:721775
32,RXNORM:725064
32,RXNORM:725068
32,RXNORM:725072
32,RXNORM:725076
32,RXNORM:754503
32,RXNORM:754504
32,RXNORM:754505
32,RXNORM:754506
32,RXNORM:755276
32,RXNORM:755294
32,RXNORM:806297
32,RXNORM:806298
32,RXNORM:806299
32,RXNORM:845010
32,RXNORM:845011
32,RXNORM:845012
32,RXNORM:848726
32,RXNORM:848730
32,RXNORM:848734
32,RXNORM:848738
32,RXNORM:848742
32,RXNORM:848746
32,RXNORM:848750
32,RXNORM:856708
32,RXNORM:856710
32,RXNORM:856717
32,RXNORM:856722
32,RXNORM:856755
32,RXNORM:856760
32,RXNORM:856799
32,RXNORM:856806
32,RXNORM:856810
32,RXNORM:856829
32,RXNORM:856833
32,RXNORM:856844
32,RXNORM:858051
32,RXNORM:858053
32,RXNORM:858055
32,RXNORM:858057
32,RXNORM:858074
32,RXNORM:859188
32,RXNORM:859192
32,RXNORM:859195
32,RXNORM:859200
32,RXNORM:859826
32,RXNORM:859833
32,RXNORM:859837
32,RXNORM:859843
32,RXNORM:859869
32,RXNORM:859873
32,RXNORM:859979
32,RXNORM:859983
32,RXNORM:860920
32,RXNORM:861850
32,RXNORM:865119
32,RXNORM:865121
32,RXNORM:865125
32,RXNORM:865127
32,RXNORM:865131
32,RXNORM:865137
32,RXNORM:865139
32,RXNORM:865141
32,RXNORM:865208
32,RXNORM:865212
32,RXNORM:865216
32,RXNORM:865217
32,RXNORM:866105
32,RXNORM:866106
32,RXNORM:866305
32,RXNORM:866307
32,RXNORM:880387
32,RXNORM:885867
32,RXNORM:897065
32,RXNORM:897067
32,RXNORM:897071
32,RXNORM:905355
32,RXNORM:905367
32,RXNORM:905399
32,RXNORM:905401
32,RXNORM:905403
32,RXNORM:905405
32,RXNORM:905407
32,RXNORM:905409
32,RXNORM:905411
32,RXNORM:905413
32,RXNORM:966591
32,RXNORM:991041
32,RXNORM:991046
32,RXNORM:991055
32,RXNORM:991186
32,RXNORM:991190
32,RXNORM:991196
32,RXNORM:991215
32,RXNORM:991235
32,RXNORM:991334
32,RXNORM:991338
32,RXNORM:991343
32,RXNORM:992691
32,RXNORM:992693
32,RXNORM:992706
32,RXNORM:992708
33,RXNORM:103911
33,RXNORM:104775
33,RXNORM:104776
33,RXNORM:104781
33,RXNORM:104782
33,RXNORM:104783
33,RXNORM:104784
33,RXNORM:105018
33,RXNORM:105019
33,RXNORM:105028
33,RXNORM:105029
33,RXNORM:105030
33,RXNORM:108782
33,RXNORM:1099565
33,RXNORM:1099571
33,RXNORM:1099598
33,RXNORM:1099626
33,RXNORM:1099650
33,RXNORM:1099658
33,RXNORM:1099672
33,RXNORM:1099679
33,RXNORM:1099683
33,RXNORM:1099689
33,RXNORM:1099693
33,RXNORM:1099871
33,RXNORM:1101339
33,RXNORM:1115012
33,RXNORM:1115013
33,RXNORM:1146692
33,RXNORM:1299967
33,RXNORM:1299971
33,RXNORM:1299973
33,RXNORM:1299975
33,RXNORM:1299978
33,RXNORM:1302833
33,RXNORM:1302835
33,RXNORM:1302845
33,RXNORM:1302847
33,RXNORM:1302856
33,RXNORM:1302858
33,RXNORM:1313061
33,RXNORM:1313063
33,RXNORM:141953
33,RXNORM:1436245
33,RXNORM:1436247
33,RXNORM:1437280
33,RXNORM:1437282
33,RXNORM:1437285
33,RXNORM:1437287
33,RXNORM:1437290
33,RXNORM:1437292
33,RXNORM:1482821
33,RXNORM:1494766
33,RXNORM:1494767
33,RXNORM:1494771
33,RXNORM:1494773
33,RXNORM:1494775
33,RXNORM:1494776
33,RXNORM:1494778
33,RXNORM:1494779
33,RXNORM:1494781
33,RXNORM:1494782
33,RXNORM:151227
33,RXNORM:151228
33,RXNORM:151229
33,RXNORM:152855
33,RXNORM:153046
33,RXNORM:153047
33,RXNORM:153048
33,RXNORM:153638
33,RXNORM:153639
33,RXNORM:153640
33,RXNORM:201239
33,RXNORM:201240
33,RXNORM:201735
33,RXNORM:206157
33,RXNORM:206159
33,RXNORM:206160
33,RXNORM:206201
33,RXNORM:206779
33,RXNORM:206780
33,RXNORM:206781
33,RXNORM:206786
33,RXNORM:206787
33,RXNORM:211353
33,RXNORM:211489
33,RXNORM:211817
33,RXNORM:212405
33,RXNORM:261280
33,RXNORM:261281
33,RXNORM:261337
33,RXNORM:262077
33,RXNORM:262222
33,RXNORM:284509
33,RXNORM:284514
33,RXNORM:308971
33,RXNORM:308972
33,RXNORM:308974
33,RXNORM:308977
33,RXNORM:313931
33,RXNORM:351973
33,RXNORM:358929
33,RXNORM:360368
33,RXNORM:404530
33,RXNORM:404531
33,RXNORM:404532
33,RXNORM:404533
33,RXNORM:404545
33,RXNORM:404742
33,RXNORM:484770
33,RXNORM:542690
33,RXNORM:542694
33,RXNORM:542740
33,RXNORM:542977
33,RXNORM:543013
33,RXNORM:545353
33,RXNORM:602399
33,RXNORM:602405
33,RXNORM:602407
33,RXNORM:616485
33,RXNORM:616489
33,RXNORM:630890
33,RXNORM:630974
33,RXNORM:645038
33,RXNORM:670003
33,RXNORM:672908
33,RXNORM:672909
33,RXNORM:672910
33,RXNORM:706825
33,RXNORM:706827
33,RXNORM:706829
33,RXNORM:706831
33,RXNORM:721775
33,RXNORM:721793
33,RXNORM:721795
33,RXNORM:721797
33,RXNORM:725064
33,RXNORM:725068
33,RXNORM:725072
33,RXNORM:725076
33,RXNORM:754503
33,RXNORM:754504
33,RXNORM:754505
33,RXNORM:754506
33,RXNORM:806297
33,RXNORM:806298
33,RXNORM:806299
33,RXNORM:845478
33,RXNORM:845479
33,RXNORM:849049
33,RXNORM:849050
33,RXNORM:849051
33,RXNORM:849052
33,RXNORM:853202
33,RXNORM:866305
33,RXNORM:866307
33,RXNORM:885867
33,RXNORM:895671
33,RXNORM:901326
33,RXNORM:901328
33,RXNORM:901334
33,RXNORM:901336
33,RXNORM:997850
34,RXNORM:1006610
34,RXNORM:1006612
34,RXNORM:1009147
34,RXNORM:102550
34,RXNORM:102551
34,RXNORM:104822
34,RXNORM:104823
34,RXNORM:108891
34,RXNORM:1091135
34,RXNORM:1091139
34,RXNORM:1091141
34,RXNORM:1091143
34,RXNORM:1091144
34,RXNORM:1091147
34,RXNORM:1091149
34,RXNORM:1091151
34,RXNORM:1091153
34,RXNORM:1091157
34,RXNORM:1091159
34,RXNORM:1091163
34,RXNORM:1091165
34,RXNORM:1091167
34,RXNORM:1091168
34,RXNORM:1091172
34,RXNORM:1091174
34,RXNORM:1091178
34,RXNORM:1091180
34,RXNORM:1091182
34,RXNORM:1091183
34,RXNORM:1091187
34,RXNORM:1091189
34,RXNORM:1091193
34,RXNORM:1091195
34,RXNORM:1091197
34,RXNORM:1091198
34,RXNORM:1091204
34,RXNORM:1091206
34,RXNORM:1091212
34,RXNORM:1091214
34,RXNORM:1091220
34,RXNORM:1091222
34,RXNORM:1091226
34,RXNORM:1091229
34,RXNORM:1091324
34,RXNORM:1091343
34,RXNORM:1091377
34,RXNORM:1091378
34,RXNORM:1091379
34,RXNORM:1091391
34,RXNORM:1091394
34,RXNORM:1091395
34,RXNORM:1091487
34,RXNORM:1091488
34,RXNORM:1091495
34,RXNORM:1091496
34,RXNORM:1091498
34,RXNORM:1091500
34,RXNORM:1099290
34,RXNORM:1099294
34,RXNORM:1099298
34,RXNORM:1099302
34,RXNORM:1099306
34,RXNORM:1099318
34,RXNORM:1099398
34,RXNORM:1100363
34,RXNORM:1100366
34,RXNORM:1100384
34,RXNORM:1101928
34,RXNORM:1101930
34,RXNORM:1101934
34,RXNORM:1101936
34,RXNORM:1312589
34,RXNORM:1312591
34,RXNORM:1359580
34,RXNORM:1359643
34,RXNORM:1359812
34,RXNORM:1360113
34,RXNORM:1360114
34,RXNORM:1360320
34,RXNORM:1360441
34,RXNORM:141956
34,RXNORM:1425337
34,RXNORM:1425339
34,RXNORM:1426251
34,RXNORM:1426253
34,RXNORM:151256
34,RXNORM:151257
34,RXNORM:151281
34,RXNORM:151282
34,RXNORM:152723
34,RXNORM:152724
34,RXNORM:1535451
34,RXNORM:1535456
34,RXNORM:1535472
34,RXNORM:1541609
34,RXNORM:1551474
34,RXNORM:1600698
34,RXNORM:1600700
34,RXNORM:1600909
34,RXNORM:1600910
34,RXNORM:1648180
34,RXNORM:1648181
34,RXNORM:1648185
34,RXNORM:1648187
34,RXNORM:1648189
34,RXNORM:1648190
34,RXNORM:1648192
34,RXNORM:1648193
34,RXNORM:1648195
34,RXNORM:1648196
34,RXNORM:1648198
34,RXNORM:1648199
34,RXNORM:1648201
34,RXNORM:1648202
34,RXNORM:200959
34,RXNORM:206779
34,RXNORM:206780
34,RXNORM:206781
34,RXNORM:206786
34,RXNORM:206787
34,RXNORM:207363
34,RXNORM:207365
34,RXNORM:207366
34,RXNORM:208848
34,RXNORM:208849
34,RXNORM:208850
34,RXNORM:208851
34,RXNORM:208853
34,RXNORM:209329
34,RXNORM:209339
34,RXNORM:209350
34,RXNORM:209391
34,RXNORM:209464
34,RXNORM:213471
34,RXNORM:226426
34,RXNORM:284251
34,RXNORM:284252
34,RXNORM:284253
34,RXNORM:346228
34,RXNORM:352317
34,RXNORM:352318
34,RXNORM:352319
34,RXNORM:352320
34,RXNORM:352321
34,RXNORM:540480
34,RXNORM:541365
34,RXNORM:541773
34,RXNORM:541879
34,RXNORM:541894
34,RXNORM:577960
34,RXNORM:577962
34,RXNORM:578397
34,RXNORM:583239
34,RXNORM:617945
34,RXNORM:617947
34,RXNORM:646462
34,RXNORM:670003
34,RXNORM:687045
34,RXNORM:729929
34,RXNORM:729931
34,RXNORM:729932
34,RXNORM:744896
34,RXNORM:744897
34,RXNORM:753437
34,RXNORM:753439
34,RXNORM:753442
34,RXNORM:753443
34,RXNORM:755276
34,RXNORM:755463
34,RXNORM:835566
34,RXNORM:835570
34,RXNORM:835574
34,RXNORM:835579
34,RXNORM:835584
34,RXNORM:835596
34,RXNORM:835598
34,RXNORM:835600
34,RXNORM:845051
34,RXNORM:845052
34,RXNORM:845053
34,RXNORM:859188
34,RXNORM:859192
34,RXNORM:859195
34,RXNORM:859200
34,RXNORM:861222
34,RXNORM:861224
34,RXNORM:861226
34,RXNORM:861228
34,RXNORM:861233
34,RXNORM:861238
34,RXNORM:865208
34,RXNORM:865212
34,RXNORM:865216
34,RXNORM:865217
34,RXNORM:884196
34,RXNORM:884202
34,RXNORM:884207
34,RXNORM:884211
34,RXNORM:884215
34,RXNORM:884223
34,RXNORM:884227
34,RXNORM:884231
34,RXNORM:884526
34,RXNORM:884528
34,RXNORM:884530
34,RXNORM:884534
34,RXNORM:884537
34,RXNORM:884538
34,RXNORM:884540
34,RXNORM:899441
34,RXNORM:899443
34,RXNORM:899463
34,RXNORM:899465
34,RXNORM:899487
34,RXNORM:899489
34,RXNORM:899497
34,RXNORM:899499
34,RXNORM:899513
34,RXNORM:899515
34,RXNORM:899519
34,RXNORM:899549
34,RXNORM:899559
34,RXNORM:977847
34,RXNORM:977853
34,RXNORM:977859
34,RXNORM:977861
34,RXNORM:991041
34,RXNORM:991046
34,RXNORM:991055
34,RXNORM:991186
34,RXNORM:991190
34,RXNORM:991196
34,RXNORM:991215
34,RXNORM:991235
34,RXNORM:991334
34,RXNORM:991338
34,RXNORM:991343
34,RXNORM:992691
34,RXNORM:992693
34,RXNORM:992706
34,RXNORM:992708
34,RXNORM:993505
34,RXNORM:993507
34,RXNORM:993511
34,RXNORM:993512
34,RXNORM:993520
34,RXNORM:993522
34,RXNORM:993524
34,RXNORM:993525
34,RXNORM:993528
34,RXNORM:993529
34,RXNORM:993537
34,RXNORM:993542
34,RXNORM:993545
34,RXNORM:993552
34,RXNORM:993559
34,RXNORM:993564
34,RXNORM:993569
34,RXNORM:993683
34,RXNORM:993688
34,RXNORM:993693
34,RXNORM:993954
34,RXNORM:993955
36,RXNORM:1046760
36,RXNORM:1046762
36,RXNORM:1046817
36,RXNORM:1046929
36,RXNORM:1046954
36,RXNORM:1046961
36,RXNORM:1046963
36,RXNORM:1046967
36,RXNORM:1046969
36,RXNORM:1046980
36,RXNORM:1047001
36,RXNORM:1047757
36,RXNORM:1047759
36,RXNORM:1047774
36,RXNORM:1047775
36,RXNORM:1047862
36,RXNORM:1047863
36,RXNORM:1048290
36,RXNORM:105035
36,RXNORM:105036
36,RXNORM:105037
36,RXNORM:105038
36,RXNORM:105039
36,RXNORM:105040
36,RXNORM:105041
36,RXNORM:105042
36,RXNORM:105043
36,RXNORM:105044
36,RXNORM:105045
36,RXNORM:105050
36,RXNORM:105445
36,RXNORM:105446
36,RXNORM:105447
36,RXNORM:1114481
36,RXNORM:1114483
36,RXNORM:1114487
36,RXNORM:1114489
36,RXNORM:1359580
36,RXNORM:1359976
36,RXNORM:1360320
36,RXNORM:1360441
36,RXNORM:141842
36,RXNORM:141956
36,RXNORM:141960
36,RXNORM:151256
36,RXNORM:151257
36,RXNORM:151281
36,RXNORM:151282
36,RXNORM:152723
36,RXNORM:152724
36,RXNORM:152952
36,RXNORM:152953
36,RXNORM:152954
36,RXNORM:152955
36,RXNORM:153142
36,RXNORM:153334
36,RXNORM:153335
36,RXNORM:153336
36,RXNORM:1599250
36,RXNORM:1599255
36,RXNORM:1599260
36,RXNORM:1599265
36,RXNORM:1599852
36,RXNORM:1600774
36,RXNORM:1600776
36,RXNORM:1600915
36,RXNORM:1600917
36,RXNORM:200989
36,RXNORM:201764
36,RXNORM:206380
36,RXNORM:206382
36,RXNORM:206385
36,RXNORM:206386
36,RXNORM:206388
36,RXNORM:207479
36,RXNORM:207482
36,RXNORM:207483
36,RXNORM:211758
36,RXNORM:211986
36,RXNORM:212156
36,RXNORM:213068
36,RXNORM:213125
36,RXNORM:227108
36,RXNORM:261309
36,RXNORM:261318
36,RXNORM:261330
36,RXNORM:351875
36,RXNORM:351991
36,RXNORM:381246
36,RXNORM:404551
36,RXNORM:404552
36,RXNORM:404553
36,RXNORM:540197
36,RXNORM:541293
36,RXNORM:542245
36,RXNORM:724598
36,RXNORM:724602
36,RXNORM:724606
36,RXNORM:730992
36,RXNORM:755238
36,RXNORM:755239
36,RXNORM:755276
36,RXNORM:755295
36,RXNORM:792381
36,RXNORM:809002
36,RXNORM:809006
36,RXNORM:809010
36,RXNORM:810087
36,RXNORM:810094
36,RXNORM:834341
36,RXNORM:849387
36,RXNORM:849391
36,RXNORM:849394
36,RXNORM:849396
36,RXNORM:850029
36,RXNORM:857397
36,RXNORM:858627
36,RXNORM:859035
36,RXNORM:859042
36,RXNORM:859046
36,RXNORM:859050
36,RXNORM:859054
36,RXNORM:859081
36,RXNORM:859188
36,RXNORM:859192
36,RXNORM:859195
36,RXNORM:859200
36,RXNORM:865208
36,RXNORM:865212
36,RXNORM:865216
36,RXNORM:865217
36,RXNORM:885207
36,RXNORM:885211
36,RXNORM:885215
36,RXNORM:885221
36,RXNORM:901537
36,RXNORM:901539
36,RXNORM:901543
36,RXNORM:901545
36,RXNORM:901547
36,RXNORM:901549
36,RXNORM:901551
36,RXNORM:901553
36,RXNORM:901557
36,RXNORM:901559
36,RXNORM:905271
36,RXNORM:905275
36,RXNORM:905281
36,RXNORM:905285
36,RXNORM:905287
36,RXNORM:905297
37,RXNORM:104726
37,RXNORM:1116183
37,RXNORM:1145114
37,RXNORM:1146692
37,RXNORM:1305143
37,RXNORM:1369746
37,RXNORM:1375954
37,RXNORM:1607006
37,RXNORM:200950
37,RXNORM:200951
37,RXNORM:200952
37,RXNORM:200953
37,RXNORM:200955
37,RXNORM:201628
37,RXNORM:202131
37,RXNORM:202133
37,RXNORM:205682
37,RXNORM:205685
37,RXNORM:206750
37,RXNORM:206752
37,RXNORM:207094
37,RXNORM:209026
37,RXNORM:209027
37,RXNORM:209028
37,RXNORM:211695
37,RXNORM:829636
37,RXNORM:849049
37,RXNORM:849050
37,RXNORM:849051
37,RXNORM:849052
37,RXNORM:855895
37,RXNORM:876439
86,RXNORM:1040031
86,RXNORM:1040041
86,RXNORM:108375
86,RXNORM:108872
86,RXNORM:108873
86,RXNORM:108874
86,RXNORM:108875
86,RXNORM:108878
86,RXNORM:108879
86,RXNORM:1235247
86,RXNORM:1297278
86,RXNORM:1359483
86,RXNORM:1359552
86,RXNORM:1431235
86,RXNORM:1486693
86,RXNORM:1650966
86,RXNORM:1650969
86,RXNORM:1650971
86,RXNORM:1650973
86,RXNORM:1650975
86,RXNORM:199404
86,RXNORM:199953
86,RXNORM:243617
86,RXNORM:245281
86,RXNORM:245377
86,RXNORM:246228
86,RXNORM:246229
86,RXNORM:247589
86,RXNORM:249141
86,RXNORM:250023
86,RXNORM:250059
86,RXNORM:250300
86,RXNORM:250301
86,RXNORM:251105
86,RXNORM:309373
86,RXNORM:309374
86,RXNORM:309375
86,RXNORM:309376
86,RXNORM:309377
86,RXNORM:309378
86,RXNORM:310673
86,RXNORM:311384
86,RXNORM:311385
86,RXNORM:311386
86,RXNORM:312324
86,RXNORM:312325
86,RXNORM:313355
86,RXNORM:313356
86,RXNORM:313359
86,RXNORM:314075
86,RXNORM:314078
86,RXNORM:315047
86,RXNORM:315169
86,RXNORM:315197
86,RXNORM:315231
86,RXNORM:317119
86,RXNORM:389080
86,RXNORM:392994
86,RXNORM:413149
86,RXNORM:415307
86,RXNORM:421898
86,RXNORM:422767
86,RXNORM:427184
86,RXNORM:427185
86,RXNORM:429104
86,RXNORM:429105
86,RXNORM:429212
86,RXNORM:430331
86,RXNORM:430394
86,RXNORM:430395
86,RXNORM:430396
86,RXNORM:430458
86,RXNORM:430459
86,RXNORM:434429
86,RXNORM:434430
86,RXNORM:672567
86,RXNORM:672569
86,RXNORM:672571
86,RXNORM:727557
86,RXNORM:844993
86,RXNORM:844994
86,RXNORM:844995
86,RXNORM:848722
86,RXNORM:848728
86,RXNORM:848732
86,RXNORM:848736
86,RXNORM:848740
86,RXNORM:848744
86,RXNORM:848748
86,RXNORM:858048
86,RXNORM:858052
86,RXNORM:858054
86,RXNORM:858056
86,RXNORM:858073
86,RXNORM:859193
86,RXNORM:859975
86,RXNORM:859981
86,RXNORM:859996
86,RXNORM:861851
86,RXNORM:865144
86,RXNORM:865149
86,RXNORM:865220
86,RXNORM:866103
86,RXNORM:880383
86,RXNORM:897069
86,RXNORM:991236
86,RXNORM:991239
86,RXNORM:991345
86,RXNORM:991346
86,RXNORM:991359
86,RXNORM:991361
86,RXNORM:991367
87,RXNORM:1101622
87,RXNORM:199761
87,RXNORM:199762
87,RXNORM:248306
87,RXNORM:249586
87,RXNORM:252413
87,RXNORM:309373
87,RXNORM:309374
87,RXNORM:309375
87,RXNORM:309376
87,RXNORM:309377
87,RXNORM:309378
87,RXNORM:311355
87,RXNORM:315047
87,RXNORM:406706
87,RXNORM:429212
87,RXNORM:432869
87,RXNORM:432870
87,RXNORM:432937
87,RXNORM:432938
88,RXNORM:104855
88,RXNORM:1091330
88,RXNORM:1091501
88,RXNORM:1091503
88,RXNORM:199761
88,RXNORM:199762
88,RXNORM:246458
88,RXNORM:248306
88,RXNORM:248667
88,RXNORM:249586
88,RXNORM:249949
88,RXNORM:311355
88,RXNORM:406706
88,RXNORM:410062
88,RXNORM:432937
88,RXNORM:432938
88,RXNORM:835580
88,RXNORM:835587
88,RXNORM:835594
88,RXNORM:849894
88,RXNORM:849896
88,RXNORM:849898
88,RXNORM:991236
88,RXNORM:991239
88,RXNORM:991345
88,RXNORM:991346
88,RXNORM:991359
88,RXNORM:991361
88,RXNORM:991367
89,RXNORM:102579
89,RXNORM:104873
89,RXNORM:1359970
89,RXNORM:198207
89,RXNORM:198208
89,RXNORM:198847
89,RXNORM:199442
89,RXNORM:243507
89,RXNORM:243508
89,RXNORM:245350
89,RXNORM:250536
89,RXNORM:250537
89,RXNORM:312911
89,RXNORM:315200
89,RXNORM:411906
89,RXNORM:412723
89,RXNORM:413924
89,RXNORM:414076
89,RXNORM:428413
89,RXNORM:428414
89,RXNORM:429270
89,RXNORM:429271
89,RXNORM:433924
89,RXNORM:435597
89,RXNORM:435599
89,RXNORM:435602
89,RXNORM:755592
89,RXNORM:844907
90,RXNORM:102221
90,RXNORM:1053346
90,RXNORM:1236453
90,RXNORM:1236458
90,RXNORM:1313987
90,RXNORM:1360353
90,RXNORM:1656667
90,RXNORM:1656670
90,RXNORM:1658221
90,RXNORM:1658222
90,RXNORM:1658236
90,RXNORM:1658244
90,RXNORM:1658245
90,RXNORM:1658254
90,RXNORM:1658255
90,RXNORM:1658256
90,RXNORM:1658259
90,RXNORM:1658260
90,RXNORM:1658262
90,RXNORM:1658264
90,RXNORM:1658265
90,RXNORM:237443
90,RXNORM:237444
90,RXNORM:237954
90,RXNORM:240575
90,RXNORM:250431
90,RXNORM:251726
90,RXNORM:252459
90,RXNORM:308165
90,RXNORM:308169
90,RXNORM:308172
90,RXNORM:311437
90,RXNORM:412510
90,RXNORM:412511
90,RXNORM:412512
90,RXNORM:429906
90,RXNORM:756251
90,RXNORM:795781
90,RXNORM:829359
90,RXNORM:829734
90,RXNORM:829738
90,RXNORM:829747
90,RXNORM:829751
90,RXNORM:829757
90,RXNORM:829762
90,RXNORM:829764
90,RXNORM:866828
40,ICD10:I50.20
40,ICD10:I50.21
40,ICD10:I50.22
40,ICD10:I50.23
40,ICD9:428.20
40,ICD9:428.21
40,ICD9:428.22
40,ICD9:428.23
41,ICD10:I35.0
41,ICD10:Q25.3
41,ICD9:424.1
41,ICD9:747.22
42,ICD10:I46.2
42,ICD10:I46.8
42,ICD10:I46.9
42,ICD9:427.5
44,ICD10:I20.0
44,ICD10:I20.1
44,ICD10:I20.8
44,ICD10:I20.9
44,ICD9:411.1
44,ICD9:413.0
44,ICD9:413.1
44,ICD9:413.9
45,ICD10:I44.1
45,ICD10:I44.2
45,ICD10:I44.30
45,ICD10:I44.39
45,ICD10:I44.4
45,ICD10:I44.5
45,ICD10:I44.60
45,ICD10:I44.69
45,ICD10:I45.0
45,ICD10:I45.2
45,ICD10:I45.3
45,ICD10:I45.4
45,ICD10:I45.5
45,ICD10:I45.6
45,ICD10:I45.81
45,ICD10:I45.89
45,ICD10:I45.9
46,ICD10:I49.01
46,ICD10:I49.02
46,ICD10:I49.1
46,ICD10:I49.3
46,ICD10:I49.40
46,ICD10:I49.49
46,ICD10:I49.5
46,ICD10:I49.8
46,ICD10:I49.9
46,ICD9:427.0
46,ICD9:427.1
46,ICD9:427.2
46,ICD9:427.31
46,ICD9:427.32
46,ICD9:427.41
46,ICD9:427.42
46,ICD9:427.5
46,ICD9:427.60
46,ICD9:427.61
46,ICD9:427.69
46,ICD9:427.81
46,ICD9:427.89
46,ICD9:427.9
48,ICD10:I21.01
48,ICD10:I21.02
48,ICD10:I21.09
48,ICD10:I21.11
48,ICD10:I21.19
48,ICD10:I21.21
48,ICD10:I21.29
48,ICD10:I21.3
48,ICD10:I21.9
48,ICD10:I21.A1
48,ICD10:I21.A9
48,ICD9:410.0
48,ICD9:410.00
48,ICD9:410.01
48,ICD9:410.02
48,ICD9:410.1
48,ICD9:410.10
48,ICD9:410.11
48,ICD9:410.12
48,ICD9:410.2
48,ICD9:410.20
48,ICD9:410.21
48,ICD9:410.22
48,ICD9:410.3
48,ICD9:410.30
48,ICD9:410.31
48,ICD9:410.32
48,ICD9:410.4
48,ICD9:410.40
48,ICD9:410.41
48,ICD9:410.42
48,ICD9:410.5
48,ICD9:410.50
48,ICD9:410.51
48,ICD9:410.52
48,ICD9:410.6
48,ICD9:410.60
48,ICD9:410.61
48,ICD9:410.62
48,ICD9:410.80
48,ICD9:410.81
48,ICD9:410.82
48,ICD9:410.9
48,ICD9:410.90
48,ICD9:410.91
48,ICD9:410.92
49,ICD10:0210093
49,ICD10:0210098
49,ICD10:0210099
49,ICD10:021009W
49,ICD10:02100A3
49,ICD10:02100A8
49,ICD10:02100A9
49,ICD10:02100AW
49,ICD10:02100K9
49,ICD10:02100KW
49,ICD10:02100Z3
49,ICD10:02100Z8
49,ICD10:02100Z9
49,ICD10:021049W
49,ICD10:02104Z9
49,ICD10:0211093
49,ICD10:0211098
49,ICD10:0211099
49,ICD10:021109W
49,ICD10:02110A3
49,ICD10:02110A8
49,ICD10:02110A9
49,ICD10:02110AW
49,ICD10:02110Z3
49,ICD10:02110Z8
49,ICD10:02110Z9
49,ICD10:0212093
49,ICD10:0212099
49,ICD10:021209W
49,ICD10:02120A9
49,ICD10:02120AW
49,ICD10:02120Z8
49,ICD10:02120Z9
49,ICD10:02123D4
49,ICD10:0213099
49,ICD10:021309W
49,ICD10:021W0JB
49,ICD10:021W0JV
49,ICD10:021X0JD
49,ICD10:02Q00ZZ
49,ICD10:02Q03ZZ
49,ICD10:02Q50ZZ
49,ICD10:02Q70ZZ
49,ICD10:02QA0ZZ
49,ICD10:02QF0ZZ
49,ICD10:02QG0ZZ
49,ICD10:02QG4ZZ
49,ICD10:02QJ0ZG
49,ICD10:02QJ0ZZ
49,ICD10:02QQ4ZZ
49,ICD10:02QR0ZZ
49,ICD10:02QV0ZZ
49,ICD10:02QW0ZZ
49,ICD10:02QX0ZZ
49,ICD10:02RF08Z
49,ICD10:02RF0JZ
49,ICD10:02RF0KZ
49,ICD10:02RF38H
49,ICD10:02RF38Z
49,ICD10:02RF3JZ
49,ICD10:02RF3KZ
49,ICD10:02RF48Z
49,ICD10:02RG08Z
49,ICD10:02RG0JZ
49,ICD10:02RG0KZ
49,ICD10:02RH0JZ
49,ICD10:02RW0JZ
49,ICD10:02RX08Z
49,ICD10:02RX0JZ
49,ICD10:02RX0KZ
49,ICD10:02WA3MZ
49,ICD10:02WA3RZ
49,ICD10:02WAXQZ
49,ICD10:02WAXRZ
49,ICD10:02YA0Z0
49,ICD9:35.02
49,ICD9:35.11
49,ICD9:35.12
49,ICD9:35.14
49,ICD9:35.21
49,ICD9:35.22
49,ICD9:35.23
49,ICD9:35.24
49,ICD9:35.25
49,ICD9:35.26
49,ICD9:35.27
49,ICD9:35.28
49,ICD9:35.31
49,ICD9:35.32
49,ICD9:35.33
49,ICD9:35.39
49,ICD9:35.51
49,ICD9:35.52
49,ICD9:35.53
49,ICD9:35.61
49,ICD9:35.62
49,ICD9:35.70
49,ICD9:35.71
49,ICD9:35.72
49,ICD9:35.73
49,ICD9:35.95
49,ICD9:35.99
49,ICD9:37.4
49,ICD9:37.5
49,ICD9:39.22
49,ICD9:39.31
49,ICD9:39.32
50,ICD10:I82.0
50,ICD10:I82.1
50,ICD10:I82.210
50,ICD10:I82.211
50,ICD10:I82.220
50,ICD10:I82.290
50,ICD10:I82.291
50,ICD10:I82.3
50,ICD10:I82.401
50,ICD10:I82.402
50,ICD10:I82.411
50,ICD10:I82.412
50,ICD10:I82.413
50,ICD10:I82.419
50,ICD10:I82.421
50,ICD10:I82.422
50,ICD10:I82.423
50,ICD10:I82.429
50,ICD10:I82.431
50,ICD10:I82.432
50,ICD10:I82.433
50,ICD10:I82.439
50,ICD10:I82.441
50,ICD10:I82.442
50,ICD10:I82.443
50,ICD10:I82.449
50,ICD10:I82.491
50,ICD10:I82.492
50,ICD10:I82.493
50,ICD10:I82.499
50,ICD10:I82.4Y1
50,ICD10:I82.4Y2
50,ICD10:I82.4Y3
50,ICD10:I82.4Y9
50,ICD10:I82.4Z1
50,ICD10:I82.4Z2
50,ICD10:I82.4Z3
50,ICD10:I82.4Z9
50,ICD10:I82.501
50,ICD10:I82.502
50,ICD10:I82.503
50,ICD10:I82.509
50,ICD10:I82.511
50,ICD10:I82.512
50,ICD10:I82.513
50,ICD10:I82.519
50,ICD10:I82.521
50,ICD10:I82.522
50,ICD10:I82.523
50,ICD10:I82.529
50,ICD10:I82.531
50,ICD10:I82.532
50,ICD10:I82.533
50,ICD10:I82.539
50,ICD10:I82.541
50,ICD10:I82.542
50,ICD10:I82.543
50,ICD10:I82.549
50,ICD10:I82.591
50,ICD10:I82.592
50,ICD10:I82.593
50,ICD10:I82.599
50,ICD10:I82.5Y1
50,ICD10:I82.5Y2
50,ICD10:I82.5Y3
50,ICD10:I82.5Y9
50,ICD10:I82.5Z1
50,ICD10:I82.5Z2
50,ICD10:I82.5Z3
50,ICD10:I82.5Z9
50,ICD10:I82.601
50,ICD10:I82.602
50,ICD10:I82.609
50,ICD10:I82.611
50,ICD10:I82.612
50,ICD10:I82.613
50,ICD10:I82.619
50,ICD10:I82.621
50,ICD10:I82.622
50,ICD10:I82.623
50,ICD10:I82.629
50,ICD10:I82.702
50,ICD10:I82.709
50,ICD10:I82.711
50,ICD10:I82.712
50,ICD10:I82.713
50,ICD10:I82.721
50,ICD10:I82.722
50,ICD10:I82.723
50,ICD10:I82.729
50,ICD10:I82.811
50,ICD10:I82.812
50,ICD10:I82.813
50,ICD10:I82.819
50,ICD10:I82.890
50,ICD10:I82.891
50,ICD10:I82.90
50,ICD10:I82.91
50,ICD10:I82.A11
50,ICD10:I82.A12
50,ICD10:I82.A19
50,ICD10:I82.A21
50,ICD10:I82.A22
50,ICD10:I82.A23
50,ICD10:I82.A29
50,ICD10:I82.B11
50,ICD10:I82.B12
50,ICD10:I82.B13
50,ICD10:I82.B19
50,ICD10:I82.B22
50,ICD10:I82.C11
50,ICD10:I82.C12
50,ICD10:I82.C13
50,ICD10:I82.C19
50,ICD10:I82.C21
50,ICD10:I82.C22
50,ICD10:I82.C29
50,ICD9:453.0
50,ICD9:453.1
50,ICD9:453.2
50,ICD9:453.3
50,ICD9:453.42
50,ICD9:453.50
50,ICD9:453.51
50,ICD9:453.52
50,ICD9:453.6
50,ICD9:453.71
50,ICD9:453.72
50,ICD9:453.73
50,ICD9:453.74
50,ICD9:453.75
50,ICD9:453.76
50,ICD9:453.77
50,ICD9:453.79
50,ICD9:453.8
50,ICD9:453.81
50,ICD9:453.82
50,ICD9:453.83
50,ICD9:453.84
50,ICD9:453.85
50,ICD9:453.86
50,ICD9:453.87
50,ICD9:453.89
50,ICD9:453.9
51,ICD10:I26.01
51,ICD10:I26.02
51,ICD10:I26.09
51,ICD10:I26.90
51,ICD10:I26.92
51,ICD10:I26.99
51,ICD9:415.1
51,ICD9:415.11
51,ICD9:415.12
51,ICD9:415.13
51,ICD9:415.19
52,ICD10:I63.00
52,ICD10:I63.011
52,ICD10:I63.012
52,ICD10:I63.013
52,ICD10:I63.019
52,ICD10:I63.02
52,ICD10:I63.031
52,ICD10:I63.032
52,ICD10:I63.033
52,ICD10:I63.039
52,ICD10:I63.09
52,ICD10:I63.10
52,ICD10:I63.111
52,ICD10:I63.112
52,ICD10:I63.113
52,ICD10:I63.119
52,ICD10:I63.12
52,ICD10:I63.131
52,ICD10:I63.132
52,ICD10:I63.133
52,ICD10:I63.139
52,ICD10:I63.19
52,ICD10:I63.20
52,ICD10:I63.211
52,ICD10:I63.212
52,ICD10:I63.213
52,ICD10:I63.219
52,ICD10:I63.22
52,ICD10:I63.231
52,ICD10:I63.232
52,ICD10:I63.233
52,ICD10:I63.239
52,ICD10:I63.29
52,ICD10:I63.30
52,ICD10:I63.311
52,ICD10:I63.312
52,ICD10:I63.313
52,ICD10:I63.319
52,ICD10:I63.321
52,ICD10:I63.322
52,ICD10:I63.323
52,ICD10:I63.329
52,ICD10:I63.331
52,ICD10:I63.332
52,ICD10:I63.333
52,ICD10:I63.339
52,ICD10:I63.341
52,ICD10:I63.342
52,ICD10:I63.343
52,ICD10:I63.349
52,ICD10:I63.39
52,ICD10:I63.40
52,ICD10:I63.411
52,ICD10:I63.412
52,ICD10:I63.413
52,ICD10:I63.419
52,ICD10:I63.421
52,ICD10:I63.422
52,ICD10:I63.423
52,ICD10:I63.429
52,ICD10:I63.431
52,ICD10:I63.432
52,ICD10:I63.433
52,ICD10:I63.439
52,ICD10:I63.441
52,ICD10:I63.442
52,ICD10:I63.449
52,ICD10:I63.49
52,ICD10:I63.50
52,ICD10:I63.511
52,ICD10:I63.512
52,ICD10:I63.513
52,ICD10:I63.519
52,ICD10:I63.521
52,ICD10:I63.522
52,ICD10:I63.523
52,ICD10:I63.529
52,ICD10:I63.531
52,ICD10:I63.532
52,ICD10:I63.533
52,ICD10:I63.539
52,ICD10:I63.541
52,ICD10:I63.542
52,ICD10:I63.549
52,ICD10:I63.59
52,ICD10:I63.6
52,ICD10:I63.8
52,ICD10:I63.81
52,ICD10:I63.89
52,ICD10:I63.9
52,ICD9:433.0
52,ICD9:433.00
52,ICD9:433.01
52,ICD9:433.1
52,ICD9:433.10
52,ICD9:433.11
52,ICD9:433.2
52,ICD9:433.20
52,ICD9:433.21
52,ICD9:433.3
52,ICD9:433.30
52,ICD9:433.31
52,ICD9:433.80
52,ICD9:433.81
52,ICD9:433.9
52,ICD9:433.90
52,ICD9:433.91
52,ICD9:434.00
52,ICD9:434.01
52,ICD9:434.1
52,ICD9:434.10
52,ICD9:434.11
52,ICD9:434.9
52,ICD9:434.90
52,ICD9:434.91
53,ICD10:G45.0
53,ICD10:G45.1
53,ICD10:G45.2
53,ICD10:G45.3
53,ICD10:G45.4
53,ICD10:G45.8
53,ICD9:435.0
55,RXNORM:106888
55,RXNORM:106889
55,RXNORM:106891
55,RXNORM:106892
55,RXNORM:106894
55,RXNORM:106895
55,RXNORM:106896
55,RXNORM:106898
55,RXNORM:106899
55,RXNORM:106900
55,RXNORM:106901
55,RXNORM:108407
55,RXNORM:108813
55,RXNORM:108814
55,RXNORM:108815
55,RXNORM:108816
55,RXNORM:108822
55,RXNORM:1359484
55,RXNORM:1359712
55,RXNORM:1359720
55,RXNORM:1359856
55,RXNORM:1360036
55,RXNORM:1360226
55,RXNORM:1360383
55,RXNORM:1360435
55,RXNORM:150659
55,RXNORM:150660
55,RXNORM:150663
55,RXNORM:150664
55,RXNORM:150831
55,RXNORM:150973
55,RXNORM:150974
55,RXNORM:150975
55,RXNORM:150977
55,RXNORM:152598
55,RXNORM:152599
55,RXNORM:152602
55,RXNORM:153383
55,RXNORM:153384
55,RXNORM:153386
55,RXNORM:153389
55,RXNORM:1543207
55,RXNORM:1544490
55,RXNORM:1604544
55,RXNORM:1604546
55,RXNORM:1652242
55,RXNORM:1652244
55,RXNORM:1652640
55,RXNORM:1652642
55,RXNORM:1652646
55,RXNORM:1652648
55,RXNORM:1653198
55,RXNORM:1653200
55,RXNORM:1653204
55,RXNORM:1653206
55,RXNORM:1654858
55,RXNORM:1654912
55,RXNORM:213442
55,RXNORM:261111
55,RXNORM:261112
55,RXNORM:285018
55,RXNORM:311019
55,RXNORM:311020
55,RXNORM:311021
55,RXNORM:311025
55,RXNORM:311030
55,RXNORM:311033
55,RXNORM:311035
55,RXNORM:311036
55,RXNORM:314045
55,RXNORM:351857
55,RXNORM:351858
55,RXNORM:351859
55,RXNORM:351860
55,RXNORM:351926
55,RXNORM:485280
55,RXNORM:615910
55,RXNORM:616238
55,RXNORM:731281
55,RXNORM:752388
55,RXNORM:763017
55,RXNORM:763018
55,RXNORM:803194
55,RXNORM:847189
55,RXNORM:847199
55,RXNORM:847205
55,RXNORM:847213
55,RXNORM:847232
55,RXNORM:847241
55,RXNORM:847254
55,RXNORM:847257
55,RXNORM:847261
55,RXNORM:847343
55,RXNORM:865098
55,RXNORM:977840
55,RXNORM:977842
56,RXNORM:249025
56,RXNORM:249026
56,RXNORM:249027
56,RXNORM:249028
56,RXNORM:249032
56,RXNORM:249098
56,RXNORM:249100
56,RXNORM:249295
56,RXNORM:249296
56,RXNORM:249297
56,RXNORM:311042
56,RXNORM:311058
56,RXNORM:412452
56,RXNORM:412453
56,RXNORM:415061
56,RXNORM:847417
57,RXNORM:102845
57,RXNORM:1043567
57,RXNORM:1043569
57,RXNORM:1043574
57,RXNORM:1043576
57,RXNORM:1043582
57,RXNORM:1043584
57,RXNORM:105369
57,RXNORM:105371
57,RXNORM:105372
57,RXNORM:105373
57,RXNORM:105376
57,RXNORM:105377
57,RXNORM:1189814
57,RXNORM:1189818
57,RXNORM:1189827
57,RXNORM:1242968
57,RXNORM:1243026
57,RXNORM:1243033
57,RXNORM:1243040
57,RXNORM:1243833
57,RXNORM:1243835
57,RXNORM:1243843
57,RXNORM:1243845
57,RXNORM:1243848
57,RXNORM:1243850
57,RXNORM:1312415
57,RXNORM:1312422
57,RXNORM:1312429
57,RXNORM:1359802
57,RXNORM:1359979
57,RXNORM:1360096
57,RXNORM:1368391
57,RXNORM:1368398
57,RXNORM:1368409
57,RXNORM:1368416
57,RXNORM:1368423
57,RXNORM:1368430
57,RXNORM:1368437
57,RXNORM:1368444
57,RXNORM:153591
57,RXNORM:153722
57,RXNORM:153723
57,RXNORM:153724
57,RXNORM:153843
57,RXNORM:153844
57,RXNORM:153845
57,RXNORM:1544918
57,RXNORM:1544920
57,RXNORM:1545156
57,RXNORM:1545159
57,RXNORM:1545163
57,RXNORM:1545166
57,RXNORM:1593775
57,RXNORM:1593776
57,RXNORM:1593827
57,RXNORM:1593829
57,RXNORM:1593831
57,RXNORM:1593832
57,RXNORM:1593833
57,RXNORM:1593835
57,RXNORM:201056
57,RXNORM:201057
57,RXNORM:201058
57,RXNORM:201059
57,RXNORM:201060
57,RXNORM:201061
57,RXNORM:201062
57,RXNORM:201063
57,RXNORM:201064
57,RXNORM:201919
57,RXNORM:201921
57,RXNORM:201922
57,RXNORM:204045
57,RXNORM:204047
57,RXNORM:205828
57,RXNORM:205830
57,RXNORM:205872
57,RXNORM:205873
57,RXNORM:205875
57,RXNORM:205876
57,RXNORM:205879
57,RXNORM:205880
57,RXNORM:207953
57,RXNORM:207954
57,RXNORM:207955
57,RXNORM:208012
57,RXNORM:209204
57,RXNORM:209247
57,RXNORM:209248
57,RXNORM:212281
57,RXNORM:212282
57,RXNORM:213041
57,RXNORM:213170
57,RXNORM:213218
57,RXNORM:213219
57,RXNORM:213220
57,RXNORM:213485
57,RXNORM:213486
57,RXNORM:213487
57,RXNORM:214106
57,RXNORM:214107
57,RXNORM:226911
57,RXNORM:226912
57,RXNORM:226913
57,RXNORM:260286
57,RXNORM:260287
57,RXNORM:261241
57,RXNORM:261242
57,RXNORM:261243
57,RXNORM:261266
57,RXNORM:261267
57,RXNORM:261268
57,RXNORM:261351
57,RXNORM:261974
57,RXNORM:284529
57,RXNORM:284530
57,RXNORM:351452
57,RXNORM:542032
57,RXNORM:583195
57,RXNORM:665036
57,RXNORM:665040
57,RXNORM:665044
57,RXNORM:669983
57,RXNORM:669985
57,RXNORM:669987
57,RXNORM:731457
57,RXNORM:731463
57,RXNORM:847708
57,RXNORM:847712
57,RXNORM:847716
57,RXNORM:847720
57,RXNORM:847724
57,RXNORM:847913
57,RXNORM:847917
57,RXNORM:860977
57,RXNORM:860979
57,RXNORM:860983
57,RXNORM:860985
57,RXNORM:860998
57,RXNORM:861000
57,RXNORM:861002
57,RXNORM:861003
57,RXNORM:861006
57,RXNORM:861008
57,RXNORM:861012
57,RXNORM:861015
57,RXNORM:861016
57,RXNORM:861018
57,RXNORM:861019
57,RXNORM:861023
57,RXNORM:861027
57,RXNORM:861041
57,RXNORM:861043
57,RXNORM:861045
57,RXNORM:861733
57,RXNORM:861738
57,RXNORM:861742
57,RXNORM:861747
57,RXNORM:861752
57,RXNORM:861757
57,RXNORM:861762
57,RXNORM:861765
57,RXNORM:861771
57,RXNORM:861785
57,RXNORM:861789
57,RXNORM:861792
57,RXNORM:861797
57,RXNORM:861808
57,RXNORM:861818
57,RXNORM:861821
57,RXNORM:861824
57,RXNORM:865568
57,RXNORM:865569
57,RXNORM:865571
57,RXNORM:865572
57,RXNORM:865573
57,RXNORM:865574
57,RXNORM:881407
57,RXNORM:881409
57,RXNORM:881411
57,RXNORM:899993
57,RXNORM:899995
57,RXNORM:900000
57,RXNORM:900002
58,RXNORM:1361493
58,RXNORM:1361495
58,RXNORM:245266
58,RXNORM:313418
58,RXNORM:313419
58,RXNORM:389139
58,RXNORM:430102
58,RXNORM:430103
58,RXNORM:430104
58,RXNORM:430491
58,RXNORM:430492
80,ICD10:E11.00
80,ICD10:E11.01
80,ICD10:E11.10
80,ICD10:E11.11
80,ICD10:E11.21
80,ICD10:E11.22
80,ICD10:E11.29
80,ICD10:E11.311
80,ICD10:E11.319
80,ICD10:E11.321
80,ICD10:E11.3211
80,ICD10:E11.3212
80,ICD10:E11.3213
80,ICD10:E11.3219
80,ICD10:E11.329
80,ICD10:E11.3291
80,ICD10:E11.3292
80,ICD10:E11.3293
80,ICD10:E11.3299
80,ICD10:E11.331
80,ICD10:E11.3311
80,ICD10:E11.3312
80,ICD10:E11.3313
80,ICD10:E11.3319
80,ICD10:E11.339
80,ICD10:E11.3391
80,ICD10:E11.3392
80,ICD10:E11.3393
80,ICD10:E11.3399
80,ICD10:E11.341
80,ICD10:E11.3411
80,ICD10:E11.3412
80,ICD10:E11.3413
80,ICD10:E11.3419
80,ICD10:E11.349
80,ICD10:E11.3491
80,ICD10:E11.3492
80,ICD10:E11.3493
80,ICD10:E11.3499
80,ICD10:E11.351
80,ICD10:E11.3511
80,ICD10:E11.3512
80,ICD10:E11.3513
80,ICD10:E11.3519
80,ICD10:E11.3521
80,ICD10:E11.3522
80,ICD10:E11.3523
80,ICD10:E11.3531
80,ICD10:E11.3532
80,ICD10:E11.3533
80,ICD10:E11.3541
80,ICD10:E11.3542
80,ICD10:E11.3543
80,ICD10:E11.3551
80,ICD10:E11.3552
80,ICD10:E11.3553
80,ICD10:E11.3559
80,ICD10:E11.359
80,ICD10:E11.3591
80,ICD10:E11.3592
80,ICD10:E11.3593
80,ICD10:E11.3599
80,ICD10:E11.36
80,ICD10:E11.37X3
80,ICD10:E11.37X9
80,ICD10:E11.39
80,ICD10:E11.40
80,ICD10:E11.41
80,ICD10:E11.42
80,ICD10:E11.43
80,ICD10:E11.44
80,ICD10:E11.49
80,ICD10:E11.51
80,ICD10:E11.52
80,ICD10:E11.59
80,ICD10:E11.610
80,ICD10:E11.618
80,ICD10:E11.620
80,ICD10:E11.621
80,ICD10:E11.622
80,ICD10:E11.628
80,ICD10:E11.630
80,ICD10:E11.638
80,ICD10:E11.641
80,ICD10:E11.649
80,ICD10:E11.65
80,ICD10:E11.69
80,ICD10:E11.8
80,ICD10:E11.9
80,ICD9:250.00
80,ICD9:250.10
80,ICD9:250.20
80,ICD9:250.30
80,ICD9:250.40
80,ICD9:250.50
80,ICD9:250.60
80,ICD9:250.70
80,ICD9:250.80
80,ICD9:250.90
80,ICD9:250.02
80,ICD9:250.12
80,ICD9:250.22
80,ICD9:250.32
80,ICD9:250.42
80,ICD9:250.52
80,ICD9:250.62
80,ICD9:250.72
80,ICD9:250.82
80,ICD9:250.92
59,ICD9:492.0
61,ICD10:E84.0
61,ICD9:277.02
62,ICD10:N18.5
62,ICD9:585.5
63,ICD10:N18.6
63,ICD9:585.6
65,ICD10:C00.0
65,ICD10:C00.1
65,ICD10:C00.2
65,ICD10:C00.3
65,ICD10:C00.5
65,ICD10:C00.9
65,ICD10:C01
65,ICD10:C02.0
65,ICD10:C02.1
65,ICD10:C02.2
65,ICD10:C02.3
65,ICD10:C02.4
65,ICD10:C02.8
65,ICD10:C02.9
65,ICD10:C03.0
65,ICD10:C03.1
65,ICD10:C03.9
65,ICD10:C04.0
65,ICD10:C04.1
65,ICD10:C04.9
65,ICD10:C05.0
65,ICD10:C05.1
65,ICD10:C05.2
65,ICD10:C05.8
65,ICD10:C05.9
65,ICD10:C06.0
65,ICD10:C06.1
65,ICD10:C06.2
65,ICD10:C06.89
65,ICD10:C06.9
65,ICD10:C07
65,ICD10:C08.0
65,ICD10:C08.9
65,ICD10:C09.0
65,ICD10:C09.1
65,ICD10:C09.8
65,ICD10:C09.9
65,ICD10:C10.0
65,ICD10:C10.2
65,ICD10:C10.3
65,ICD10:C10.8
65,ICD10:C10.9
65,ICD10:C11.0
65,ICD10:C11.1
65,ICD10:C11.2
65,ICD10:C11.3
65,ICD10:C11.9
65,ICD10:C12
65,ICD10:C13.0
65,ICD10:C13.1
65,ICD10:C13.2
65,ICD10:C13.8
65,ICD10:C13.9
65,ICD10:C14.0
65,ICD10:C14.8
65,ICD10:C15.3
65,ICD10:C15.4
65,ICD10:C15.5
65,ICD10:C15.8
65,ICD10:C15.9
65,ICD10:C16.0
65,ICD10:C16.1
65,ICD10:C16.2
65,ICD10:C16.3
65,ICD10:C16.4
65,ICD10:C16.5
65,ICD10:C16.6
65,ICD10:C16.8
65,ICD10:C16.9
65,ICD10:C17.0
65,ICD10:C17.1
65,ICD10:C17.2
65,ICD10:C17.3
65,ICD10:C17.8
65,ICD10:C19
65,ICD10:C20
65,ICD10:C21.0
65,ICD10:C21.1
65,ICD10:C21.2
65,ICD10:C21.8
65,ICD10:C22.0
65,ICD10:C22.1
65,ICD10:C22.2
65,ICD10:C22.3
65,ICD10:C22.4
65,ICD10:C22.7
65,ICD10:C22.8
65,ICD10:C22.9
65,ICD10:C23
65,ICD10:C24.0
65,ICD10:C24.1
65,ICD10:C24.8
65,ICD10:C24.9
65,ICD10:C25.0
65,ICD10:C25.1
65,ICD10:C25.2
65,ICD10:C25.3
65,ICD10:C25.4
65,ICD10:C25.7
65,ICD10:C25.8
65,ICD10:C25.9
65,ICD10:C26.0
65,ICD10:C26.1
65,ICD10:C26.9
65,ICD10:C30.0
65,ICD10:C30.1
65,ICD10:C31.0
65,ICD10:C31.1
65,ICD10:C31.3
65,ICD10:C31.9
65,ICD10:C32.0
65,ICD10:C32.1
65,ICD10:C32.2
65,ICD10:C32.3
65,ICD10:C32.8
65,ICD10:C32.9
65,ICD10:C33
65,ICD10:C34.00
65,ICD10:C34.01
65,ICD10:C34.02
65,ICD10:C34.10
65,ICD10:C34.11
65,ICD10:C34.12
65,ICD10:C34.2
65,ICD10:C34.30
65,ICD10:C34.31
65,ICD10:C34.32
65,ICD10:C34.80
65,ICD10:C34.81
65,ICD10:C34.82
65,ICD10:C34.90
65,ICD10:C34.91
65,ICD10:C34.92
65,ICD10:C37
65,ICD10:C38.0
65,ICD10:C38.1
65,ICD10:C38.2
65,ICD10:C38.3
65,ICD10:C38.4
65,ICD10:C38.8
65,ICD10:C39.9
65,ICD10:C40.00
65,ICD10:C40.01
65,ICD10:C40.02
65,ICD10:C40.20
65,ICD10:C40.21
65,ICD10:C40.22
65,ICD10:C41.0
65,ICD10:C41.1
65,ICD10:C41.2
65,ICD10:C41.3
65,ICD10:C41.4
65,ICD10:C41.9
65,ICD10:C43.0
65,ICD10:C43.10
65,ICD10:C43.11
65,ICD10:C43.12
65,ICD10:C43.122
65,ICD10:C43.20
65,ICD10:C43.21
65,ICD10:C43.22
65,ICD10:C43.30
65,ICD10:C43.31
65,ICD10:C43.39
65,ICD10:C43.4
65,ICD10:C43.52
65,ICD10:C43.59
65,ICD10:C43.60
65,ICD10:C43.61
65,ICD10:C43.62
65,ICD10:C43.70
65,ICD10:C43.71
65,ICD10:C43.72
65,ICD10:C43.8
65,ICD10:C43.9
65,ICD10:C45.0
65,ICD10:C45.1
65,ICD10:C45.7
65,ICD10:C45.9
65,ICD10:C46.0
65,ICD10:C46.9
65,ICD10:C47.10
65,ICD10:C47.11
65,ICD10:C47.12
65,ICD10:C47.21
65,ICD10:C47.3
65,ICD10:C47.9
65,ICD10:C48.0
65,ICD10:C48.1
65,ICD10:C48.2
65,ICD10:C48.8
65,ICD10:C49.0
65,ICD10:C49.10
65,ICD10:C49.11
65,ICD10:C49.12
65,ICD10:C49.20
65,ICD10:C49.21
65,ICD10:C49.22
65,ICD10:C49.3
65,ICD10:C49.4
65,ICD10:C49.5
65,ICD10:C49.6
65,ICD10:C49.8
65,ICD10:C49.9
65,ICD10:C49.A0
65,ICD10:C49.A1
65,ICD10:C49.A2
65,ICD10:C49.A3
65,ICD10:C49.A4
65,ICD10:C49.A9
65,ICD10:C50.011
65,ICD10:C50.012
65,ICD10:C50.019
65,ICD10:C50.021
65,ICD10:C50.022
65,ICD10:C50.029
65,ICD10:C50.111
65,ICD10:C50.112
65,ICD10:C50.119
65,ICD10:C50.121
65,ICD10:C50.122
65,ICD10:C50.211
65,ICD10:C50.212
65,ICD10:C50.219
65,ICD10:C50.229
65,ICD10:C50.311
65,ICD10:C50.312
65,ICD10:C50.319
65,ICD10:C50.322
65,ICD10:C50.411
65,ICD10:C50.412
65,ICD10:C50.419
65,ICD10:C50.421
65,ICD10:C50.422
65,ICD10:C50.511
65,ICD10:C50.512
65,ICD10:C50.519
65,ICD10:C50.522
65,ICD10:C50.611
65,ICD10:C50.612
65,ICD10:C50.619
65,ICD10:C50.622
65,ICD10:C50.811
65,ICD10:C50.812
65,ICD10:C50.819
65,ICD10:C50.821
65,ICD10:C50.822
65,ICD10:C50.829
65,ICD10:C50.911
65,ICD10:C50.912
65,ICD10:C50.919
65,ICD10:C50.921
65,ICD10:C50.922
65,ICD10:C50.929
65,ICD10:C51.0
65,ICD10:C51.1
65,ICD10:C51.8
65,ICD10:C51.9
65,ICD10:C52
65,ICD10:C53.0
65,ICD10:C53.1
65,ICD10:C53.8
65,ICD10:C53.9
65,ICD10:C54.0
65,ICD10:C54.1
65,ICD10:C54.2
65,ICD10:C54.3
65,ICD10:C54.8
65,ICD10:C54.9
65,ICD10:C55
65,ICD10:C56.1
65,ICD10:C56.2
65,ICD10:C56.9
65,ICD10:C57.00
65,ICD10:C57.01
65,ICD10:C57.02
65,ICD10:C57.4
65,ICD10:C57.7
65,ICD10:C57.8
65,ICD10:C57.9
65,ICD10:C60.0
65,ICD10:C60.1
65,ICD10:C60.2
65,ICD10:C60.9
65,ICD10:C62.00
65,ICD10:C62.01
65,ICD10:C62.02
65,ICD10:C62.10
65,ICD10:C62.11
65,ICD10:C62.12
65,ICD10:C62.90
65,ICD10:C62.91
65,ICD10:C62.92
65,ICD10:C63.10
65,ICD10:C63.11
65,ICD10:C63.12
65,ICD10:C63.2
65,ICD10:C63.7
65,ICD10:C63.8
65,ICD10:C63.9
65,ICD10:C64.1
65,ICD10:C64.2
65,ICD10:C64.9
65,ICD10:C65.1
65,ICD10:C65.2
65,ICD10:C65.9
65,ICD10:C66.1
65,ICD10:C66.2
65,ICD10:C66.9
65,ICD10:C67.0
65,ICD10:C67.1
65,ICD10:C67.2
65,ICD10:C67.3
65,ICD10:C67.4
65,ICD10:C67.5
65,ICD10:C67.6
65,ICD10:C67.7
65,ICD10:C67.8
65,ICD10:C67.9
65,ICD10:C68.0
65,ICD10:C68.8
65,ICD10:C68.9
65,ICD10:C69.00
65,ICD10:C69.01
65,ICD10:C69.02
65,ICD10:C69.10
65,ICD10:C69.12
65,ICD10:C69.21
65,ICD10:C69.22
65,ICD10:C69.30
65,ICD10:C69.31
65,ICD10:C69.32
65,ICD10:C69.40
65,ICD10:C69.41
65,ICD10:C69.42
65,ICD10:C69.51
65,ICD10:C69.52
65,ICD10:C69.60
65,ICD10:C69.61
65,ICD10:C69.62
65,ICD10:C69.82
65,ICD10:C69.90
65,ICD10:C69.91
65,ICD10:C69.92
65,ICD10:C70.0
65,ICD10:C70.1
65,ICD10:C70.9
65,ICD10:C71.0
65,ICD10:C71.1
65,ICD10:C71.2
65,ICD10:C71.3
65,ICD10:C71.5
65,ICD10:C71.6
65,ICD10:C71.7
65,ICD10:C71.9
65,ICD10:C71L1ZZ
65,ICD10:C72.0
65,ICD10:C72.30
65,ICD10:C72.31
65,ICD10:C72.32
65,ICD10:C72.40
65,ICD10:C72.50
65,ICD10:C72.59
65,ICD10:C72.9
65,ICD10:C74.10
65,ICD10:C74.90
65,ICD10:C74.91
65,ICD10:C74.92
65,ICD10:C75.0
65,ICD10:C75.1
65,ICD10:C75.2
65,ICD10:C75.3
65,ICD10:C75.4
65,ICD10:C75.5
65,ICD10:C76.0
65,ICD10:C76.1
65,ICD10:C76.2
65,ICD10:C76.3
65,ICD10:C76.40
65,ICD10:C76.41
65,ICD10:C76.42
65,ICD10:C76.50
65,ICD10:C76.51
65,ICD10:C76.52
65,ICD10:C76.8
65,ICD10:C77.0
65,ICD10:C77.1
65,ICD10:C77.2
65,ICD10:C77.3
65,ICD10:C77.4
65,ICD10:C77.5
65,ICD10:C77.8
65,ICD10:C77.9
65,ICD10:C78.00
65,ICD10:C78.01
65,ICD10:C78.02
65,ICD10:C78.1
65,ICD10:C78.2
65,ICD10:C78.30
65,ICD10:C78.39
65,ICD10:C78.4
65,ICD10:C78.5
65,ICD10:C78.6
65,ICD10:C78.7
65,ICD10:C78.80
65,ICD10:C78.89
65,ICD10:C79.00
65,ICD10:C79.01
65,ICD10:C79.02
65,ICD10:C79.10
65,ICD10:C79.11
65,ICD10:C79.2
65,ICD10:C79.31
65,ICD10:C79.32
65,ICD10:C79.40
65,ICD10:C79.49
65,ICD10:C79.51
65,ICD10:C79.52
65,ICD10:C79.60
65,ICD10:C79.61
65,ICD10:C79.62
65,ICD10:C79.70
65,ICD10:C79.71
65,ICD10:C79.72
65,ICD10:C79.81
65,ICD10:C79.82
65,ICD10:C79.89
65,ICD10:C79.9
65,ICD10:C7A.00
65,ICD10:C7A.010
65,ICD10:C7A.011
65,ICD10:C7A.012
65,ICD10:C7A.019
65,ICD10:C7A.020
65,ICD10:C7A.021
65,ICD10:C7A.022
65,ICD10:C7A.025
65,ICD10:C7A.026
65,ICD10:C7A.029
65,ICD10:C7A.090
65,ICD10:C7A.091
65,ICD10:C7A.092
65,ICD10:C7A.093
65,ICD10:C7A.094
65,ICD10:C7A.095
65,ICD10:C7A.096
65,ICD10:C7A.098
65,ICD10:C7A.1
65,ICD10:C7A.8
65,ICD10:C7B.00
65,ICD10:C7B.01
65,ICD10:C7B.02
65,ICD10:C7B.04
65,ICD10:C7B.09
65,ICD10:C7B.1
65,ICD10:C7B.8
65,ICD10:C80.0
65,ICD10:C80.1
65,ICD10:C80.2
65,ICD10:C81.00
65,ICD10:C81.01
65,ICD10:C81.02
65,ICD10:C81.03
65,ICD10:C81.04
65,ICD10:C81.08
65,ICD10:C81.10
65,ICD10:C81.11
65,ICD10:C81.12
65,ICD10:C81.13
65,ICD10:C81.14
65,ICD10:C81.15
65,ICD10:C81.18
65,ICD10:C81.19
65,ICD10:C81.25
65,ICD10:C81.28
65,ICD10:C81.29
65,ICD10:C81.38
65,ICD10:C81.40
65,ICD10:C81.41
65,ICD10:C81.44
65,ICD10:C81.49
65,ICD10:C81.70
65,ICD10:C81.71
65,ICD10:C81.72
65,ICD10:C81.73
65,ICD10:C81.74
65,ICD10:C81.75
65,ICD10:C81.78
65,ICD10:C81.90
65,ICD10:C81.91
65,ICD10:C81.92
65,ICD10:C81.93
65,ICD10:C81.94
65,ICD10:C81.98
65,ICD10:C81.99
65,ICD10:C82.00
65,ICD10:C82.01
65,ICD10:C82.02
65,ICD10:C82.03
65,ICD10:C82.04
65,ICD10:C82.05
65,ICD10:C82.06
65,ICD10:C82.08
65,ICD10:C82.09
65,ICD10:C82.10
65,ICD10:C82.11
65,ICD10:C82.12
65,ICD10:C82.13
65,ICD10:C82.14
65,ICD10:C82.15
65,ICD10:C82.16
65,ICD10:C82.18
65,ICD10:C82.19
65,ICD10:C82.20
65,ICD10:C82.21
65,ICD10:C82.22
65,ICD10:C82.23
65,ICD10:C82.24
65,ICD10:C82.25
65,ICD10:C82.28
65,ICD10:C82.29
65,ICD10:C82.30
65,ICD10:C82.32
65,ICD10:C82.33
65,ICD10:C82.35
65,ICD10:C82.38
65,ICD10:C82.39
65,ICD10:C82.40
65,ICD10:C82.48
65,ICD10:C82.50
65,ICD10:C82.51
65,ICD10:C82.52
65,ICD10:C82.53
65,ICD10:C82.54
65,ICD10:C82.55
65,ICD10:C82.56
65,ICD10:C82.58
65,ICD10:C82.59
65,ICD10:C82.60
65,ICD10:C82.68
65,ICD10:C82.80
65,ICD10:C82.81
65,ICD10:C82.83
65,ICD10:C82.87
65,ICD10:C82.89
65,ICD10:C82.90
65,ICD10:C82.91
65,ICD10:C82.93
65,ICD10:C82.94
65,ICD10:C82.95
65,ICD10:C82.98
65,ICD10:C82.99
65,ICD10:C83.00
65,ICD10:C83.01
65,ICD10:C83.03
65,ICD10:C83.04
65,ICD10:C83.05
65,ICD10:C83.06
65,ICD10:C83.07
65,ICD10:C83.08
65,ICD10:C83.09
65,ICD10:C83.10
65,ICD10:C83.11
65,ICD10:C83.12
65,ICD10:C83.13
65,ICD10:C83.14
65,ICD10:C83.15
65,ICD10:C83.16
65,ICD10:C83.17
65,ICD10:C83.18
65,ICD10:C83.19
65,ICD10:C83.30
65,ICD10:C83.31
65,ICD10:C83.32
65,ICD10:C83.33
65,ICD10:C83.34
65,ICD10:C83.35
65,ICD10:C83.36
65,ICD10:C83.37
65,ICD10:C83.38
65,ICD10:C83.39
65,ICD10:C83.50
65,ICD10:C83.51
65,ICD10:C83.53
65,ICD10:C83.59
65,ICD10:C83.70
65,ICD10:C83.71
65,ICD10:C83.72
65,ICD10:C83.73
65,ICD10:C83.78
65,ICD10:C83.79
65,ICD10:C83.80
65,ICD10:C83.84
65,ICD10:C83.88
65,ICD10:C83.89
65,ICD10:C83.90
65,ICD10:C83.91
65,ICD10:C83.97
65,ICD10:C84.00
65,ICD10:C84.01
65,ICD10:C84.04
65,ICD10:C84.05
65,ICD10:C84.08
65,ICD10:C84.09
65,ICD10:C84.10
65,ICD10:C84.12
65,ICD10:C84.13
65,ICD10:C84.18
65,ICD10:C84.40
65,ICD10:C84.41
65,ICD10:C84.43
65,ICD10:C84.44
65,ICD10:C84.45
65,ICD10:C84.48
65,ICD10:C84.49
65,ICD10:C84.60
65,ICD10:C84.70
65,ICD10:C84.71
65,ICD10:C84.73
65,ICD10:C84.75
65,ICD10:C84.78
65,ICD10:C84.79
65,ICD10:C84.A0
65,ICD10:C84.A4
65,ICD10:C84.A8
65,ICD10:C84.A9
65,ICD10:C85.10
65,ICD10:C85.11
65,ICD10:C85.12
65,ICD10:C85.13
65,ICD10:C85.14
65,ICD10:C85.16
65,ICD10:C85.17
65,ICD10:C85.18
65,ICD10:C85.19
65,ICD10:C85.21
65,ICD10:C85.28
65,ICD10:C85.80
65,ICD10:C85.81
65,ICD10:C85.82
65,ICD10:C85.83
65,ICD10:C85.84
65,ICD10:C85.85
65,ICD10:C85.86
65,ICD10:C85.87
65,ICD10:C85.88
65,ICD10:C85.89
65,ICD10:C85.90
65,ICD10:C85.91
65,ICD10:C85.92
65,ICD10:C85.93
65,ICD10:C85.94
65,ICD10:C85.95
65,ICD10:C85.96
65,ICD10:C85.97
65,ICD10:C85.98
65,ICD10:C85.99
65,ICD10:C86.0
65,ICD10:C86.5
65,ICD10:C86.6
65,ICD10:C88.0
65,ICD10:C88.4
65,ICD10:C88.8
65,ICD10:C88.9
65,ICD10:C90.00
65,ICD10:C90.01
65,ICD10:C90.02
65,ICD10:C90.10
65,ICD10:C90.11
65,ICD10:C90.12
65,ICD10:C90.20
65,ICD10:C90.30
65,ICD10:C90.31
65,ICD10:C91.00
65,ICD10:C91.01
65,ICD10:C91.02
65,ICD10:C91.10
65,ICD10:C91.11
65,ICD10:C91.12
65,ICD10:C91.40
65,ICD10:C91.41
65,ICD10:C91.50
65,ICD10:C91.51
65,ICD10:C91.60
65,ICD10:C91.90
65,ICD10:C91.91
65,ICD10:C91.92
65,ICD10:C91.Z0
65,ICD10:C91.Z2
65,ICD10:C92.00
65,ICD10:C92.01
65,ICD10:C92.02
65,ICD10:C92.10
65,ICD10:C92.11
65,ICD10:C92.12
65,ICD10:C92.20
65,ICD10:C92.30
65,ICD10:C92.31
65,ICD10:C92.40
65,ICD10:C92.41
65,ICD10:C92.50
65,ICD10:C92.51
65,ICD10:C92.52
65,ICD10:C92.90
65,ICD10:C92.91
65,ICD10:C92.92
65,ICD10:C92.A0
65,ICD10:C92.A1
65,ICD10:C93.00
65,ICD10:C93.01
65,ICD10:C93.10
65,ICD10:C93.11
65,ICD10:C93.12
65,ICD10:C94.00
65,ICD10:C94.6
65,ICD10:C94.80
65,ICD10:C94.81
65,ICD10:C95.00
65,ICD10:C95.01
65,ICD10:C95.02
65,ICD10:C95.10
65,ICD10:C95.11
65,ICD10:C95.90
65,ICD10:C95.91
65,ICD10:C95.92
65,ICD10:C96.0
65,ICD10:C96.2
65,ICD10:C96.20
65,ICD10:C96.22
65,ICD10:C96.6
65,ICD10:C96.9
65,ICD10:C96.A
65,ICD9:14.00
65,ICD9:14.01
65,ICD9:14.02
65,ICD9:14.22
65,ICD9:14.23
65,ICD9:14.24
65,ICD9:14.25
65,ICD9:14.27
65,ICD9:14.29
65,ICD9:14.31
65,ICD9:14.32
65,ICD9:14.34
65,ICD9:14.35
65,ICD9:14.39
65,ICD9:14.41
65,ICD9:14.49
65,ICD9:14.51
65,ICD9:14.52
65,ICD9:14.53
65,ICD9:14.54
65,ICD9:14.55
65,ICD9:14.59
65,ICD9:14.6
65,ICD9:14.71
65,ICD9:14.72
65,ICD9:14.73
65,ICD9:14.74
65,ICD9:14.75
65,ICD9:14.79
65,ICD9:14.9
65,ICD9:140.0
65,ICD9:140.1
65,ICD9:140.3
65,ICD9:140.4
65,ICD9:140.5
65,ICD9:140.6
65,ICD9:140.8
65,ICD9:140.9
65,ICD9:141
65,ICD9:141.0
65,ICD9:141.1
65,ICD9:141.2
65,ICD9:141.3
65,ICD9:141.4
65,ICD9:141.5
65,ICD9:141.6
65,ICD9:141.8
65,ICD9:141.9
65,ICD9:142.0
65,ICD9:142.1
65,ICD9:142.2
65,ICD9:142.8
65,ICD9:142.9
65,ICD9:143.0
65,ICD9:143.1
65,ICD9:143.8
65,ICD9:143.9
65,ICD9:144.0
65,ICD9:144.1
65,ICD9:144.8
65,ICD9:144.9
65,ICD9:145.0
65,ICD9:145.1
65,ICD9:145.2
65,ICD9:145.3
65,ICD9:145.4
65,ICD9:145.5
65,ICD9:145.6
65,ICD9:145.8
65,ICD9:145.9
65,ICD9:146.0
65,ICD9:146.1
65,ICD9:146.2
65,ICD9:146.3
65,ICD9:146.4
65,ICD9:146.5
65,ICD9:146.6
65,ICD9:146.7
65,ICD9:146.8
65,ICD9:146.9
65,ICD9:147.0
65,ICD9:147.1
65,ICD9:147.2
65,ICD9:147.3
65,ICD9:147.8
65,ICD9:147.9
65,ICD9:148.0
65,ICD9:148.1
65,ICD9:148.2
65,ICD9:148.3
65,ICD9:148.8
65,ICD9:148.9
65,ICD9:149.0
65,ICD9:149.8
65,ICD9:149.9
65,ICD9:15.01
65,ICD9:15.11
65,ICD9:15.12
65,ICD9:15.13
65,ICD9:15.22
65,ICD9:15.3
65,ICD9:15.4
65,ICD9:15.5
65,ICD9:15.6
65,ICD9:15.7
65,ICD9:15.9
65,ICD9:150
65,ICD9:150.0
65,ICD9:150.1
65,ICD9:150.2
65,ICD9:150.3
65,ICD9:150.4
65,ICD9:150.5
65,ICD9:150.8
65,ICD9:150.9
65,ICD9:151.0
65,ICD9:151.1
65,ICD9:151.2
65,ICD9:151.3
65,ICD9:151.4
65,ICD9:151.5
65,ICD9:151.6
65,ICD9:151.8
65,ICD9:151.9
65,ICD9:152.0
65,ICD9:152.1
65,ICD9:152.2
65,ICD9:152.3
65,ICD9:152.8
65,ICD9:154.0
65,ICD9:154.1
65,ICD9:154.2
65,ICD9:154.3
65,ICD9:154.8
65,ICD9:155
65,ICD9:155.0
65,ICD9:155.1
65,ICD9:155.2
65,ICD9:156.0
65,ICD9:156.1
65,ICD9:156.2
65,ICD9:156.8
65,ICD9:156.9
65,ICD9:157
65,ICD9:157.0
65,ICD9:157.1
65,ICD9:157.2
65,ICD9:157.3
65,ICD9:157.4
65,ICD9:157.8
65,ICD9:157.9
65,ICD9:158
65,ICD9:158.0
65,ICD9:158.8
65,ICD9:158.9
65,ICD9:159.0
65,ICD9:159.1
65,ICD9:159.8
65,ICD9:159.9
65,ICD9:16.01
65,ICD9:16.02
65,ICD9:16.09
65,ICD9:16.1
65,ICD9:16.21
65,ICD9:16.23
65,ICD9:16.31
65,ICD9:16.39
65,ICD9:16.41
65,ICD9:16.42
65,ICD9:16.49
65,ICD9:16.51
65,ICD9:16.59
65,ICD9:16.61
65,ICD9:16.62
65,ICD9:16.63
65,ICD9:16.69
65,ICD9:16.71
65,ICD9:16.72
65,ICD9:16.81
65,ICD9:16.82
65,ICD9:16.89
65,ICD9:16.91
65,ICD9:16.92
65,ICD9:16.93
65,ICD9:16.98
65,ICD9:16.99
65,ICD9:160.0
65,ICD9:160.1
65,ICD9:160.2
65,ICD9:160.3
65,ICD9:160.5
65,ICD9:160.8
65,ICD9:160.9
65,ICD9:161.0
65,ICD9:161.1
65,ICD9:161.2
65,ICD9:161.3
65,ICD9:161.8
65,ICD9:161.9
65,ICD9:162
65,ICD9:162.0
65,ICD9:162.2
65,ICD9:162.3
65,ICD9:162.4
65,ICD9:162.5
65,ICD9:162.8
65,ICD9:162.9
65,ICD9:163.0
65,ICD9:163.1
65,ICD9:163.9
65,ICD9:164.0
65,ICD9:164.1
65,ICD9:164.2
65,ICD9:164.3
65,ICD9:164.8
65,ICD9:164.9
65,ICD9:165.8
65,ICD9:165.9
65,ICD9:17.11
65,ICD9:17.12
65,ICD9:17.13
65,ICD9:17.21
65,ICD9:17.22
65,ICD9:17.24
65,ICD9:17.31
65,ICD9:17.32
65,ICD9:17.33
65,ICD9:17.34
65,ICD9:17.35
65,ICD9:17.36
65,ICD9:17.39
65,ICD9:17.41
65,ICD9:17.42
65,ICD9:17.44
65,ICD9:17.49
65,ICD9:17.53
65,ICD9:17.55
65,ICD9:17.56
65,ICD9:17.61
65,ICD9:17.71
65,ICD9:170.0
65,ICD9:170.1
65,ICD9:170.2
65,ICD9:170.3
65,ICD9:170.4
65,ICD9:170.5
65,ICD9:170.6
65,ICD9:170.7
65,ICD9:170.8
65,ICD9:170.9
65,ICD9:171
65,ICD9:171.0
65,ICD9:171.2
65,ICD9:171.3
65,ICD9:171.5
65,ICD9:171.6
65,ICD9:171.7
65,ICD9:171.8
65,ICD9:171.9
65,ICD9:172
65,ICD9:172.0
65,ICD9:172.1
65,ICD9:172.2
65,ICD9:172.3
65,ICD9:172.4
65,ICD9:172.5
65,ICD9:172.6
65,ICD9:172.7
65,ICD9:172.8
65,ICD9:172.9
65,ICD9:174.0
65,ICD9:174.1
65,ICD9:174.2
65,ICD9:174.3
65,ICD9:174.4
65,ICD9:174.5
65,ICD9:174.6
65,ICD9:174.8
65,ICD9:174.9
65,ICD9:175.0
65,ICD9:175.9
65,ICD9:176.0
65,ICD9:176.1
65,ICD9:176.3
65,ICD9:176.8
65,ICD9:176.9
65,ICD9:179
65,ICD9:18.01
65,ICD9:18.02
65,ICD9:18.09
65,ICD9:18.11
65,ICD9:18.12
65,ICD9:18.19
65,ICD9:18.21
65,ICD9:18.29
65,ICD9:18.31
65,ICD9:18.39
65,ICD9:18.4
65,ICD9:18.5
65,ICD9:18.6
65,ICD9:18.71
65,ICD9:18.72
65,ICD9:18.79
65,ICD9:18.9
65,ICD9:180
65,ICD9:180.0
65,ICD9:180.1
65,ICD9:180.8
65,ICD9:180.9
65,ICD9:181
65,ICD9:182
65,ICD9:182.0
65,ICD9:182.1
65,ICD9:182.8
65,ICD9:183
65,ICD9:183.0
65,ICD9:183.2
65,ICD9:183.5
65,ICD9:183.8
65,ICD9:183.9
65,ICD9:184.0
65,ICD9:184.1
65,ICD9:184.2
65,ICD9:184.3
65,ICD9:184.4
65,ICD9:184.8
65,ICD9:184.9
65,ICD9:186.0
65,ICD9:186.9
65,ICD9:187.1
65,ICD9:187.2
65,ICD9:187.3
65,ICD9:187.4
65,ICD9:187.5
65,ICD9:187.6
65,ICD9:187.7
65,ICD9:187.8
65,ICD9:187.9
65,ICD9:188
65,ICD9:188.0
65,ICD9:188.1
65,ICD9:188.2
65,ICD9:188.3
65,ICD9:188.4
65,ICD9:188.5
65,ICD9:188.6
65,ICD9:188.7
65,ICD9:188.8
65,ICD9:188.9
65,ICD9:189
65,ICD9:189.0
65,ICD9:189.1
65,ICD9:189.2
65,ICD9:189.3
65,ICD9:189.4
65,ICD9:189.8
65,ICD9:189.9
65,ICD9:19.0
65,ICD9:19.11
65,ICD9:19.19
65,ICD9:19.21
65,ICD9:19.29
65,ICD9:19.3
65,ICD9:19.4
65,ICD9:19.52
65,ICD9:19.53
65,ICD9:19.54
65,ICD9:19.55
65,ICD9:19.6
65,ICD9:19.9
65,ICD9:190.0
65,ICD9:190.1
65,ICD9:190.2
65,ICD9:190.3
65,ICD9:190.4
65,ICD9:190.5
65,ICD9:190.6
65,ICD9:190.7
65,ICD9:190.8
65,ICD9:190.9
65,ICD9:191.0
65,ICD9:191.1
65,ICD9:191.2
65,ICD9:191.3
65,ICD9:191.4
65,ICD9:191.5
65,ICD9:191.6
65,ICD9:191.7
65,ICD9:191.8
65,ICD9:191.9
65,ICD9:192.0
65,ICD9:192.1
65,ICD9:192.2
65,ICD9:192.3
65,ICD9:192.8
65,ICD9:192.9
65,ICD9:194.0
65,ICD9:194.1
65,ICD9:194.3
65,ICD9:194.4
65,ICD9:194.5
65,ICD9:194.6
65,ICD9:194.8
65,ICD9:194.9
65,ICD9:195.0
65,ICD9:195.1
65,ICD9:195.2
65,ICD9:195.3
65,ICD9:195.4
65,ICD9:195.5
65,ICD9:195.8
65,ICD9:196.0
65,ICD9:196.1
65,ICD9:196.2
65,ICD9:196.3
65,ICD9:196.5
65,ICD9:196.6
65,ICD9:196.8
65,ICD9:196.9
65,ICD9:197.0
65,ICD9:197.1
65,ICD9:197.2
65,ICD9:197.3
65,ICD9:197.4
65,ICD9:197.5
65,ICD9:197.6
65,ICD9:197.7
65,ICD9:197.8
65,ICD9:198
65,ICD9:198.0
65,ICD9:198.1
65,ICD9:198.2
65,ICD9:198.3
65,ICD9:198.4
65,ICD9:198.5
65,ICD9:198.6
65,ICD9:198.7
65,ICD9:198.81
65,ICD9:198.82
65,ICD9:198.89
65,ICD9:199.0
65,ICD9:199.1
65,ICD9:199.2
65,ICD9:20.01
65,ICD9:20.09
65,ICD9:20.1
65,ICD9:20.21
65,ICD9:20.23
65,ICD9:20.32
65,ICD9:20.39
65,ICD9:20.41
65,ICD9:20.42
65,ICD9:20.49
65,ICD9:20.51
65,ICD9:20.59
65,ICD9:20.61
65,ICD9:20.71
65,ICD9:20.72
65,ICD9:20.79
65,ICD9:20.8
65,ICD9:20.92
65,ICD9:20.93
65,ICD9:20.94
65,ICD9:20.95
65,ICD9:20.96
65,ICD9:20.97
65,ICD9:20.98
65,ICD9:20.99
65,ICD9:200.00
65,ICD9:200.01
65,ICD9:200.02
65,ICD9:200.03
65,ICD9:200.04
65,ICD9:200.05
65,ICD9:200.07
65,ICD9:200.08
65,ICD9:200.10
65,ICD9:200.11
65,ICD9:200.12
65,ICD9:200.13
65,ICD9:200.14
65,ICD9:200.15
65,ICD9:200.16
65,ICD9:200.17
65,ICD9:200.18
65,ICD9:200.20
65,ICD9:200.21
65,ICD9:200.22
65,ICD9:200.23
65,ICD9:200.26
65,ICD9:200.27
65,ICD9:200.28
65,ICD9:200.30
65,ICD9:200.31
65,ICD9:200.32
65,ICD9:200.33
65,ICD9:200.35
65,ICD9:200.37
65,ICD9:200.38
65,ICD9:200.4
65,ICD9:200.40
65,ICD9:200.41
65,ICD9:200.42
65,ICD9:200.43
65,ICD9:200.44
65,ICD9:200.45
65,ICD9:200.46
65,ICD9:200.47
65,ICD9:200.48
65,ICD9:200.50
65,ICD9:200.51
65,ICD9:200.58
65,ICD9:200.60
65,ICD9:200.61
65,ICD9:200.62
65,ICD9:200.63
65,ICD9:200.65
65,ICD9:200.68
65,ICD9:200.7
65,ICD9:200.70
65,ICD9:200.71
65,ICD9:200.72
65,ICD9:200.73
65,ICD9:200.74
65,ICD9:200.75
65,ICD9:200.76
65,ICD9:200.77
65,ICD9:200.78
65,ICD9:200.80
65,ICD9:200.81
65,ICD9:200.82
65,ICD9:200.83
65,ICD9:200.84
65,ICD9:200.85
65,ICD9:200.86
65,ICD9:200.87
65,ICD9:200.88
65,ICD9:201
65,ICD9:201.00
65,ICD9:201.04
65,ICD9:201.05
65,ICD9:201.16
65,ICD9:201.18
65,ICD9:201.22
65,ICD9:201.28
65,ICD9:201.40
65,ICD9:201.41
65,ICD9:201.42
65,ICD9:201.43
65,ICD9:201.44
65,ICD9:201.46
65,ICD9:201.5
65,ICD9:201.50
65,ICD9:201.51
65,ICD9:201.52
65,ICD9:201.53
65,ICD9:201.54
65,ICD9:201.55
65,ICD9:201.57
65,ICD9:201.58
65,ICD9:201.60
65,ICD9:201.61
65,ICD9:201.62
65,ICD9:201.65
65,ICD9:201.66
65,ICD9:201.68
65,ICD9:201.70
65,ICD9:201.75
65,ICD9:201.78
65,ICD9:201.90
65,ICD9:201.91
65,ICD9:201.92
65,ICD9:201.93
65,ICD9:201.94
65,ICD9:201.95
65,ICD9:201.96
65,ICD9:201.97
65,ICD9:201.98
65,ICD9:202.00
65,ICD9:202.01
65,ICD9:202.02
65,ICD9:202.03
65,ICD9:202.04
65,ICD9:202.05
65,ICD9:202.06
65,ICD9:202.07
65,ICD9:202.08
65,ICD9:202.10
65,ICD9:202.11
65,ICD9:202.14
65,ICD9:202.15
65,ICD9:202.16
65,ICD9:202.18
65,ICD9:202.20
65,ICD9:202.22
65,ICD9:202.23
65,ICD9:202.24
65,ICD9:202.28
65,ICD9:202.30
65,ICD9:202.31
65,ICD9:202.33
65,ICD9:202.37
65,ICD9:202.40
65,ICD9:202.41
65,ICD9:202.44
65,ICD9:202.47
65,ICD9:202.48
65,ICD9:202.50
65,ICD9:202.56
65,ICD9:202.58
65,ICD9:202.60
65,ICD9:202.61
65,ICD9:202.63
65,ICD9:202.65
65,ICD9:202.68
65,ICD9:202.70
65,ICD9:202.71
65,ICD9:202.73
65,ICD9:202.74
65,ICD9:202.75
65,ICD9:202.78
65,ICD9:202.8
65,ICD9:202.80
65,ICD9:202.81
65,ICD9:202.82
65,ICD9:202.83
65,ICD9:202.84
65,ICD9:202.85
65,ICD9:202.86
65,ICD9:202.87
65,ICD9:202.88
65,ICD9:202.90
65,ICD9:202.91
65,ICD9:202.92
65,ICD9:202.93
65,ICD9:202.94
65,ICD9:202.95
65,ICD9:202.96
65,ICD9:202.98
65,ICD9:203.0
65,ICD9:203.00
65,ICD9:203.01
65,ICD9:203.02
65,ICD9:203.10
65,ICD9:203.11
65,ICD9:203.12
65,ICD9:203.80
65,ICD9:203.82
65,ICD9:204.0
65,ICD9:204.00
65,ICD9:204.01
65,ICD9:204.02
65,ICD9:204.1
65,ICD9:204.10
65,ICD9:204.11
65,ICD9:204.12
65,ICD9:204.20
65,ICD9:204.8
65,ICD9:204.80
65,ICD9:204.81
65,ICD9:204.90
65,ICD9:204.91
65,ICD9:205.0
65,ICD9:205.00
65,ICD9:205.01
65,ICD9:205.02
65,ICD9:205.1
65,ICD9:205.10
65,ICD9:205.11
65,ICD9:205.12
65,ICD9:205.30
65,ICD9:205.31
65,ICD9:205.80
65,ICD9:205.90
65,ICD9:205.91
65,ICD9:205.92
65,ICD9:206.0
65,ICD9:206.00
65,ICD9:206.01
65,ICD9:206.10
65,ICD9:206.91
65,ICD9:207.00
65,ICD9:207.11
65,ICD9:207.80
65,ICD9:207.81
65,ICD9:208.00
65,ICD9:208.01
65,ICD9:208.02
65,ICD9:208.10
65,ICD9:208.11
65,ICD9:208.80
65,ICD9:208.90
65,ICD9:208.91
65,ICD9:208.92
65,ICD9:209.00
65,ICD9:209.01
65,ICD9:209.02
65,ICD9:209.03
65,ICD9:209.10
65,ICD9:209.11
65,ICD9:209.12
65,ICD9:209.13
65,ICD9:209.16
65,ICD9:209.17
65,ICD9:209.20
65,ICD9:209.21
65,ICD9:209.22
65,ICD9:209.23
65,ICD9:209.24
65,ICD9:209.25
65,ICD9:209.26
65,ICD9:209.27
65,ICD9:209.29
65,ICD9:209.30
65,ICD9:209.31
65,ICD9:209.32
65,ICD9:209.33
65,ICD9:209.34
65,ICD9:209.35
65,ICD9:209.36
65,ICD9:209.40
65,ICD9:209.41
65,ICD9:209.42
65,ICD9:209.43
65,ICD9:209.50
65,ICD9:209.51
65,ICD9:209.52
65,ICD9:209.53
65,ICD9:209.55
65,ICD9:209.56
65,ICD9:209.57
65,ICD9:209.60
65,ICD9:209.61
65,ICD9:209.63
65,ICD9:209.65
65,ICD9:209.69
65,ICD9:209.70
65,ICD9:209.71
65,ICD9:209.72
65,ICD9:209.73
65,ICD9:209.74
65,ICD9:209.75
65,ICD9:209.79
65,ICD9:23.09
65,ICD9:23.1
65,ICD9:23.11
65,ICD9:23.19
65,ICD9:23.2
65,ICD9:23.3
65,ICD9:23.41
65,ICD9:23.42
65,ICD9:23.49
65,ICD9:23.5
65,ICD9:23.70
65,ICD9:23.71
65,ICD9:23.73
65,ICD9:230.0
65,ICD9:230.1
65,ICD9:230.2
65,ICD9:230.3
65,ICD9:230.4
65,ICD9:230.5
65,ICD9:230.6
65,ICD9:230.7
65,ICD9:230.8
65,ICD9:230.9
65,ICD9:231.0
65,ICD9:231.1
65,ICD9:231.2
65,ICD9:231.8
65,ICD9:231.9
65,ICD9:233
65,ICD9:233.0
65,ICD9:233.2
65,ICD9:233.3
65,ICD9:233.30
65,ICD9:233.31
65,ICD9:233.32
65,ICD9:233.39
65,ICD9:233.5
65,ICD9:233.6
65,ICD9:233.7
65,ICD9:233.9
65,ICD9:234.0
65,ICD9:234.8
65,ICD9:234.9
65,ICD9:235.0
65,ICD9:235.1
65,ICD9:235.2
65,ICD9:235.3
65,ICD9:235.4
65,ICD9:235.5
65,ICD9:235.6
65,ICD9:235.7
65,ICD9:235.8
65,ICD9:235.9
65,ICD9:236.0
65,ICD9:236.1
65,ICD9:236.2
65,ICD9:236.3
65,ICD9:236.4
65,ICD9:236.5
65,ICD9:236.6
65,ICD9:236.7
65,ICD9:236.91
65,ICD9:236.99
65,ICD9:237.0
65,ICD9:237.1
65,ICD9:237.2
65,ICD9:237.3
65,ICD9:237.4
65,ICD9:237.5
65,ICD9:237.6
65,ICD9:237.7
65,ICD9:237.70
65,ICD9:237.71
65,ICD9:237.72
65,ICD9:237.73
65,ICD9:237.79
65,ICD9:237.9
65,ICD9:238.0
65,ICD9:238.1
65,ICD9:238.2
65,ICD9:238.3
65,ICD9:238.4
65,ICD9:238.5
65,ICD9:238.6
65,ICD9:238.7
65,ICD9:238.71
65,ICD9:238.72
65,ICD9:238.73
65,ICD9:238.74
65,ICD9:238.75
65,ICD9:238.76
65,ICD9:238.77
65,ICD9:238.79
65,ICD9:238.8
65,ICD9:238.9
65,ICD9:239
65,ICD9:239.0
65,ICD9:239.1
65,ICD9:239.2
65,ICD9:239.3
65,ICD9:239.4
65,ICD9:239.5
65,ICD9:239.6
65,ICD9:239.7
65,ICD9:239.8
65,ICD9:239.81
65,ICD9:239.89
65,ICD9:239.9
66,ICD10:M84.359A
66,ICD10:M84.359D
66,ICD10:M84.359S
66,ICD10:M84.459A
66,ICD10:M84.459D
66,ICD10:M84.559A
66,ICD10:M84.559S
67,CPT:27138
67,CPT:27438
67,CPT:27486
67,CPT:27487
67,CPT:27488
67,CPT:L8631
68,CPT:63001
68,CPT:63003
68,CPT:63005
68,CPT:63010
68,CPT:63011
68,CPT:63012
68,CPT:63015
68,CPT:63016
68,CPT:63017
68,CPT:63020
68,CPT:63021
68,CPT:63031
68,CPT:63035
68,CPT:63040
68,CPT:63043
68,CPT:63044
68,CPT:63045
68,CPT:63046
68,CPT:63047
68,CPT:63051
68,CPT:63055
68,CPT:63056
68,CPT:63057
68,CPT:63064
68,CPT:63066
68,CPT:63075
68,CPT:63076
68,CPT:63077
68,CPT:63078
68,CPT:6307A
68,CPT:63081
68,CPT:63082
68,CPT:63085
68,CPT:63086
68,CPT:63087
68,CPT:63088
68,CPT:63090
69,CPT:97016
69,CPT:97026
69,CPT:97034
69,CPT:97542
69,CPT:97761
69,CPT:97762
70,CPT:G0424
71,CPT:43633
71,CPT:43644
71,CPT:43845
71,CPT:43846
71,CPT:43848
71,ICD9:44.31
71,ICD9:44.32
71,ICD9:44.38
71,ICD9:44.39
72,CPT:99304
72,CPT:99305
72,CPT:99306
38,RXNORM:1012208
38,RXNORM:102857
38,RXNORM:102858
38,RXNORM:103166
38,RXNORM:1037330
38,RXNORM:1037340
38,RXNORM:104171
38,RXNORM:104174
38,RXNORM:104563
38,RXNORM:104565
38,RXNORM:105392
38,RXNORM:105397
38,RXNORM:105398
38,RXNORM:105407
38,RXNORM:105412
38,RXNORM:108304
38,RXNORM:1085987
38,RXNORM:1085990
38,RXNORM:1086049
38,RXNORM:1086055
38,RXNORM:1086095
38,RXNORM:1086115
38,RXNORM:1086251
38,RXNORM:1086253
38,RXNORM:1086255
38,RXNORM:1086257
38,RXNORM:1086261
38,RXNORM:1086263
38,RXNORM:1086265
38,RXNORM:1086267
38,RXNORM:1086343
38,RXNORM:1086453
38,RXNORM:1248846
38,RXNORM:1294113
38,RXNORM:1303131
38,RXNORM:1303134
38,RXNORM:1303137
38,RXNORM:1357888
38,RXNORM:1359466
38,RXNORM:1359501
38,RXNORM:1359817
38,RXNORM:1359940
38,RXNORM:1359941
38,RXNORM:1359992
38,RXNORM:1360294
38,RXNORM:1360325
38,RXNORM:1360403
38,RXNORM:1360523
38,RXNORM:1375107
38,RXNORM:1375109
38,RXNORM:1375115
38,RXNORM:1376059
38,RXNORM:1376062
38,RXNORM:1376066
38,RXNORM:1376070
38,RXNORM:1490659
38,RXNORM:1490668
38,RXNORM:1490774
38,RXNORM:1598637
38,RXNORM:1598639
38,RXNORM:201082
38,RXNORM:201083
38,RXNORM:205683
38,RXNORM:205702
38,RXNORM:205710
38,RXNORM:205712
38,RXNORM:205714
38,RXNORM:205717
38,RXNORM:206754
38,RXNORM:206755
38,RXNORM:206837
38,RXNORM:206954
38,RXNORM:206955
38,RXNORM:206956
38,RXNORM:206957
38,RXNORM:206988
38,RXNORM:206989
38,RXNORM:206990
38,RXNORM:206997
38,RXNORM:206998
38,RXNORM:207048
38,RXNORM:207049
38,RXNORM:207189
38,RXNORM:207190
38,RXNORM:207191
38,RXNORM:207192
38,RXNORM:207193
38,RXNORM:208680
38,RXNORM:208712
38,RXNORM:208816
38,RXNORM:208918
38,RXNORM:208929
38,RXNORM:208930
38,RXNORM:208947
38,RXNORM:208948
38,RXNORM:209245
38,RXNORM:214105
38,RXNORM:260391
38,RXNORM:260392
38,RXNORM:260393
38,RXNORM:260394
38,RXNORM:260395
38,RXNORM:260396
38,RXNORM:260397
38,RXNORM:260398
38,RXNORM:260399
38,RXNORM:260400
38,RXNORM:260401
38,RXNORM:260402
38,RXNORM:260403
38,RXNORM:260404
38,RXNORM:260405
38,RXNORM:260406
38,RXNORM:260407
38,RXNORM:260409
38,RXNORM:261992
38,RXNORM:261993
38,RXNORM:284516
38,RXNORM:343040
38,RXNORM:351399
38,RXNORM:351400
38,RXNORM:351401
38,RXNORM:351519
38,RXNORM:541705
38,RXNORM:541815
38,RXNORM:541872
38,RXNORM:544779
38,RXNORM:547222
38,RXNORM:582603
38,RXNORM:604204
38,RXNORM:647127
38,RXNORM:668658
38,RXNORM:668660
38,RXNORM:706455
38,RXNORM:755976
38,RXNORM:755977
38,RXNORM:795097
38,RXNORM:803308
38,RXNORM:803310
38,RXNORM:808118
38,RXNORM:824889
38,RXNORM:835559
38,RXNORM:854181
38,RXNORM:901649
38,RXNORM:966538
38,RXNORM:966542
38,RXNORM:966550
38,RXNORM:966562
38,RXNORM:966566
38,RXNORM:966598
38,RXNORM:966605
38,RXNORM:966611
91,RXNORM:1006791
91,RXNORM:105394
91,RXNORM:105404
91,RXNORM:105408
91,RXNORM:105409
91,RXNORM:105410
91,RXNORM:105411
91,RXNORM:108882
91,RXNORM:1116927
91,RXNORM:1249710
91,RXNORM:1249712
91,RXNORM:1358748
91,RXNORM:1489373
91,RXNORM:197579
91,RXNORM:197581
91,RXNORM:198143
91,RXNORM:199320
91,RXNORM:199343
91,RXNORM:199771
91,RXNORM:199967
91,RXNORM:208988
91,RXNORM:242882
91,RXNORM:242886
91,RXNORM:247293
91,RXNORM:249569
91,RXNORM:251452
91,RXNORM:260126
91,RXNORM:260408
91,RXNORM:309696
91,RXNORM:312609
91,RXNORM:312616
91,RXNORM:315061
91,RXNORM:348428
91,RXNORM:351159
91,RXNORM:387080
91,RXNORM:393267
91,RXNORM:411225
91,RXNORM:412642
91,RXNORM:415363
91,RXNORM:415817
91,RXNORM:415856
91,RXNORM:415857
91,RXNORM:422009
91,RXNORM:429196
91,RXNORM:429197
91,RXNORM:429198
91,RXNORM:429331
91,RXNORM:429332
91,RXNORM:436279
91,RXNORM:436507
91,RXNORM:436510
91,RXNORM:746380
91,RXNORM:746836
91,RXNORM:746837
91,RXNORM:755936
91,RXNORM:881355
